alpha,T1,T_alpha,W_alpha,L3_at_kappa0,L3_cain_boundary,L3_fractional_boundary,realizability,sqrt4G
0.666667666667,27,1.67586168523e+17,1.67586168523e+17,7,-20,-1.67586168523e+17,all L3,0
0.666667699052,27,1.52304582e+17,1.52304582e+17,7,-20,-1.52304582e+17,all L3,0
0.666667732486,27,1.38416470934e+17,1.38416470934e+17,7,-20,-1.38416470934e+17,all L3,0
0.666667767003,27,1.25794768953e+17,1.25794768953e+17,7,-20,-1.25794768953e+17,all L3,0
0.666667802638,27,1.14323996546e+17,1.14323996546e+17,7,-20,-1.14323996546e+17,all L3,0
0.666667839426,27,1.03899204152e+17,1.03899204152e+17,7,-20,-1.03899204152e+17,all L3,0
0.666667877406,27,9.44250125497e+16,9.44250125497e+16,7,-20,-9.44250125497e+16,all L3,0
0.666667916617,27,8.58147395082e+16,8.58147395082e+16,7,-20,-8.58147395082e+16,all L3,0
0.666667957096,27,7.798960726e+16,7.798960726e+16,7,-20,-7.798960726e+16,all L3,0
0.666667998887,27,7.08780214732e+16,7.08780214732e+16,7,-20,-7.08780214732e+16,all L3,0
0.666668042032,27,6.44149162681e+16,6.44149162681e+16,7,-20,-6.44149162681e+16,all L3,0
0.666668086573,27,5.85411588569e+16,5.85411588569e+16,7,-20,-5.85411588569e+16,all L3,0
0.666668132557,27,5.32030086779e+16,5.32030086779e+16,7,-20,-5.32030086779e+16,all L3,0
0.666668180031,27,4.8351625492e+16,4.8351625492e+16,7,-20,-4.8351625492e+16,all L3,0
0.666668229041,27,4.39426227006e+16,4.39426227006e+16,7,-20,-4.39426227006e+16,all L3,0
0.666668279639,27,3.99356611478e+16,3.99356611478e+16,7,-20,-3.99356611478e+16,all L3,0
0.666668331876,27,3.62940800627e+16,3.62940800627e+16,7,-20,-3.62940800627e+16,all L3,0
0.666668385804,27,3.29845616821e+16,3.29845616821e+16,7,-20,-3.29845616821e+16,all L3,0
0.666668441479,27,2.99768263344e+16,2.99768263344e+16,7,-20,-2.99768263344e+16,all L3,0
0.666668498956,27,2.7243355479e+16,2.7243355479e+16,7,-20,-2.7243355479e+16,all L3,0
0.666668558296,27,2.47591398806e+16,2.47591398806e+16,7,-20,-2.47591398806e+16,all L3,0
0.666668619557,27,2.25014508293e+16,2.25014508293e+16,7,-20,-2.25014508293e+16,all L3,0
0.666668682801,27,2.0449632156e+16,2.0449632156e+16,7,-20,-2.0449632156e+16,all L3,0
0.666668748094,27,1.85849112601e+16,1.85849112601e+16,7,-20,-1.85849112601e+16,all L3,0
0.666668815502,27,1.68902273624e+16,1.68902273624e+16,7,-20,-1.68902273624e+16,all L3,0
0.666668885093,27,1.5350075379e+16,1.5350075379e+16,7,-20,-1.5350075379e+16,all L3,0
0.666668956937,27,1.39503640977e+16,1.39503640977e+16,7,-20,-1.39503640977e+16,all L3,0
0.666669031108,27,1.26782872294e+16,1.26782872294e+16,7,-20,-1.26782872294e+16,all L3,0
0.666669107681,27,1.15222062427e+16,1.15222062427e+16,7,-20,-1.15222062427e+16,all L3,0
0.666669186734,27,1.04715438898e+16,1.04715438898e+16,7,-20,-1.04715438898e+16,all L3,0
0.666669268347,27,9.51668742574e+15,9.51668742574e+15,7,-20,-9.51668742574e+15,all L3,0
0.666669352603,27,8.64890065538e+15,8.64890065538e+15,7,-20,-8.64890065538e+15,all L3,0
0.666669439588,27,7.86024400858e+15,7.86024400858e+15,7,-20,-7.86024400858e+15,all L3,0
0.66666952939,27,7.1435018973e+15,7.1435018973e+15,7,-20,-7.1435018973e+15,all L3,0
0.6666696221,27,6.49211669766e+15,6.49211669766e+15,7,-20,-6.49211669766e+15,all L3,0
0.666669717812,27,5.9001287528e+15,5.9001287528e+15,7,-20,-5.9001287528e+15,all L3,0
0.666669816624,27,5.36212184533e+15,5.36212184533e+15,7,-20,-5.36212184533e+15,all L3,0
0.666669918637,27,4.87317364424e+15,4.87317364424e+15,7,-20,-4.87317364424e+15,all L3,0
0.666670023953,27,4.42881066817e+15,4.42881066817e+15,7,-20,-4.42881066817e+15,all L3,0
0.666670132679,27,4.02496735819e+15,4.02496735819e+15,7,-20,-4.02496735819e+15,all L3,0
0.666670244927,27,3.6579488764e+15,3.6579488764e+15,7,-20,-3.6579488764e+15,all L3,0
0.66667036081,27,3.32439730597e+15,3.32439730597e+15,7,-20,-3.32439730597e+15,all L3,0
0.666670480446,27,3.02126092724e+15,3.02126092724e+15,7,-20,-3.02126092724e+15,all L3,0
0.666670603956,27,2.74576629449e+15,2.74576629449e+15,7,-20,-2.74576629449e+15,all L3,0
0.666670731466,27,2.4953928623e+15,2.4953928623e+15,7,-20,-2.4953928623e+15,all L3,0
0.666670863106,27,2.26784992592e+15,2.26784992592e+15,7,-20,-2.26784992592e+15,all L3,0
0.666670999008,27,2.0610556606e+15,2.0610556606e+15,7,-20,-2.0610556606e+15,all L3,0
0.666671139313,27,1.87311807619e+15,1.87311807619e+15,7,-20,-1.87311807619e+15,all L3,0
0.66667128416,27,1.70231770614e+15,1.70231770614e+15,7,-20,-1.70231770614e+15,all L3,0
0.666671433699,27,1.54709187555e+15,1.54709187555e+15,7,-20,-1.54709187555e+15,all L3,0
0.666671588081,27,1.40602040409e+15,1.40602040409e+15,7,-20,-1.40602040409e+15,all L3,0
0.666671747462,27,1.27781261244e+15,1.27781261244e+15,7,-20,-1.27781261244e+15,all L3,0
0.666671912005,27,1.16129551335e+15,1.16129551335e+15,7,-20,-1.16129551335e+15,all L3,0
0.666672081877,27,1.05540308031e+15,1.05540308031e+15,7,-20,-1.05540308031e+15,all L3,0
0.66667225725,27,9.59166493248e+14,9.59166493248e+14,7,-20,-9.59166493248e+14,all L3,0
0.666672438302,27,8.71705275568e+14,8.71705275568e+14,7,-20,-8.71705275568e+14,all L3,0
0.666672625218,27,7.92219237621e+14,7.92219237621e+14,7,-20,-7.92219237621e+14,all L3,0
0.666672818187,27,7.19981156059e+14,7.19981156059e+14,7,-20,-7.19981156059e+14,all L3,0
0.666673017406,27,6.54330120482e+14,6.54330120482e+14,7,-20,-6.54330120482e+14,all L3,0
0.666673223076,27,5.94665486126e+14,5.94665486126e+14,7,-20,-5.94665486126e+14,all L3,0
0.666673435408,27,5.404413786e+14,5.404413786e+14,7,-20,-5.404413786e+14,all L3,0
0.666673654615,27,4.91161699922e+14,4.91161699922e+14,7,-20,-4.91161699922e+14,all L3,0
0.666673880922,27,4.46375589096e+14,4.46375589096e+14,7,-20,-4.46375589096e+14,all L3,0
0.666674114557,27,4.0567329746e+14,4.0567329746e+14,7,-20,-4.0567329746e+14,all L3,0
0.666674355759,27,3.68682439762e+14,3.68682439762e+14,7,-20,-3.68682439762e+14,all L3,0
0.666674604772,27,3.35064586844e+14,3.35064586844e+14,7,-20,-3.35064586844e+14,all L3,0
0.66667486185,27,3.04512169753e+14,3.04512169753e+14,7,-20,-3.04512169753e+14,all L3,0
0.666675127253,27,2.76745665357e+14,2.76745665357e+14,7,-20,-2.76745665357e+14,all L3,0
0.666675401252,27,2.51511039133e+14,2.51511039133e+14,7,-20,-2.51511039133e+14,all L3,0
0.666675684123,27,2.28577420932e+14,2.28577420932e+14,7,-20,-2.28577420932e+14,all L3,0
0.666675976156,27,2.0773499267e+14,2.0773499267e+14,7,-20,-2.0773499267e+14,all L3,0
0.666676277646,27,1.88793068687e+14,1.88793068687e+14,7,-20,-1.88793068687e+14,all L3,0
0.666676588901,27,1.71578351147e+14,1.71578351147e+14,7,-20,-1.71578351147e+14,all L3,0
0.666676910235,27,1.55933344488e+14,1.55933344488e+14,7,-20,-1.55933344488e+14,all L3,0
0.666677241976,27,1.41714914517e+14,1.41714914517e+14,7,-20,-1.41714914517e+14,all L3,0
0.66667758446,27,1.28792978798e+14,1.28792978798e+14,7,-20,-1.28792978798e+14,all L3,0
0.666677938035,27,1.17049316549e+14,1.17049316549e+14,7,-20,-1.17049316549e+14,all L3,0
0.666678303062,27,1.06376487029e+14,1.06376487029e+14,7,-20,-1.06376487029e+14,all L3,0
0.666678679909,27,9.66768465196e+13,9.66768465196e+13,7,-20,-9.66768465196e+13,all L3,0
0.666679068961,27,8.78616550134e+13,8.78616550134e+13,7,-20,-8.78616550134e+13,all L3,0
0.666679470613,27,7.98502642783e+13,7.98502642782e+13,7,-20,-7.98502642783e+13,all L3,0
0.666679885272,27,7.25693800353e+13,7.25693800353e+13,7,-20,-7.25693800353e+13,all L3,0
0.66668031336,27,6.59523913632e+13,6.59523913631e+13,7,-20,-6.59523913631e+13,all L3,0
0.666680755312,27,5.99387612893e+13,5.99387612892e+13,7,-20,-5.99387612893e+13,all L3,0
0.666681211577,27,5.44734729057e+13,5.44734729057e+13,7,-20,-5.44734729057e+13,all L3,0
0.666681682618,27,4.95065260412e+13,4.95065260412e+13,7,-20,-4.95065260412e+13,all L3,0
0.666682168913,27,4.49924797949e+13,4.49924797948e+13,7,-20,-4.49924797949e+13,all L3,0
0.666682670957,27,4.08900368003e+13,4.08900368003e+13,7,-20,-4.08900368003e+13,all L3,0
0.666683189261,27,3.71616653875e+13,3.71616653875e+13,7,-20,-3.71616653875e+13,all L3,0
0.666683724349,27,3.37732562168e+13,3.37732562167e+13,7,-20,-3.37732562168e+13,all L3,0
0.666684276767,27,3.06938102039e+13,3.06938102039e+13,7,-20,-3.06938102039e+13,all L3,0
0.666684847075,27,2.78951549114e+13,2.78951549114e+13,7,-20,-2.78951549114e+13,all L3,0
0.666685435852,27,2.53516867972e+13,2.53516867972e+13,7,-20,-2.53516867972e+13,all L3,0
0.666686043697,27,2.30401369756e+13,2.30401369756e+13,7,-20,-2.30401369756e+13,all L3,0
0.666686671227,27,2.09393583224e+13,2.09393583224e+13,7,-20,-2.09393583224e+13,all L3,0
0.666687319081,27,1.90301320069e+13,1.90301320069e+13,7,-20,-1.90301320069e+13,all L3,0
0.666687987914,27,1.72949916575e+13,1.72949916575e+13,7,-20,-1.72949916575e+13,all L3,0
0.666688678409,27,1.57180635648e+13,1.57180635648e+13,7,-20,-1.57180635648e+13,all L3,0
0.666689391265,27,1.42849214514e+13,1.42849214513e+13,7,-20,-1.42849214514e+13,all L3,0
0.666690127207,27,1.29824544909e+13,1.29824544908e+13,7,-20,-1.29824544909e+13,all L3,0
0.666690886983,27,1.17987473573e+13,1.17987473573e+13,7,-20,-1.17987473573e+13,all L3,0
0.666691671364,27,1.07229712119e+13,1.07229712118e+13,7,-20,-1.07229712118e+13,all L3,0
0.666692481148,27,9.74528463354e+12,9.74528463351e+12,7,-20,-9.74528463353e+12,all L3,0
0.666693317157,27,8.85674358079e+12,8.85674358077e+12,7,-20,-8.85674358079e+12,all L3,0
0.66669418024,27,8.04921956361e+12,8.04921956358e+12,7,-20,-8.0492195636e+12,all L3,0
0.666695071275,27,7.31532527821e+12,7.31532527819e+12,7,-20,-7.31532527821e+12,all L3,0
0.666695991166,27,6.64834702227e+12,6.64834702224e+12,7,-20,-6.64834702226e+12,all L3,0
0.666696940847,27,6.04218327219e+12,6.04218327217e+12,7,-20,-6.04218327219e+12,all L3,0
0.666697921285,27,5.49128886241e+12,5.49128886238e+12,7,-20,-5.4912888624e+12,all L3,0
0.666698933474,27,4.99062425374e+12,4.99062425371e+12,7,-20,-4.99062425373e+12,all L3,0
0.666699978443,27,4.53560942842e+12,4.53560942839e+12,7,-20,-4.53560942841e+12,all L3,0
0.666701057254,27,4.12208198887e+12,4.12208198884e+12,7,-20,-4.12208198886e+12,all L3,0
0.666702171002,27,3.74625907693e+12,3.74625907691e+12,7,-20,-3.74625907693e+12,all L3,0
0.666703320819,27,3.40470276652e+12,3.40470276649e+12,7,-20,-3.40470276651e+12,all L3,0
0.666704507874,27,3.09428861064e+12,3.09428861061e+12,7,-20,-3.09428861063e+12,all L3,0
0.666705733372,27,2.81217705762e+12,2.81217705759e+12,7,-20,-2.81217705761e+12,all L3,0
0.666706998557,27,2.5557874729e+12,2.55578747287e+12,7,-20,-2.55578747289e+12,all L3,0
0.666708304716,27,2.32277453004e+12,2.32277453002e+12,7,-20,-2.32277453004e+12,all L3,0
0.666709653176,27,2.11100675456e+12,2.11100675454e+12,7,-20,-2.11100675456e+12,all L3,0
0.666711045305,27,1.91854702404e+12,1.91854702401e+12,7,-20,-1.91854702403e+12,all L3,0
0.666712482519,27,1.74363484636e+12,1.74363484634e+12,7,-20,-1.74363484636e+12,all L3,0
0.666713966278,27,1.58467025409e+12,1.58467025406e+12,7,-20,-1.58467025408e+12,all L3,0
0.666715498088,27,1.44019916717e+12,1.44019916714e+12,7,-20,-1.44019916716e+12,all L3,0
0.666717079507,27,1.30890009051e+12,1.30890009049e+12,7,-20,-1.30890009051e+12,all L3,0
0.66671871214,27,1.18957202445e+12,1.18957202442e+12,7,-20,-1.18957202444e+12,all L3,0
0.666720397647,27,1.08112347762e+12,1.0811234776e+12,7,-20,-1.08112347762e+12,all L3,0
0.666722137739,27,982562481724,982562481697,7,-20,-982562481717,all L3,0
0.666723934184,27,892987516650,892987516623,7,-20,-892987516643,all L3,0
0.666725788808,27,811579263244,811579263217,7,-20,-811579263237,all L3,0
0.666727703495,27,737593108027,737593108000,7,-20,-737593108020,all L3,0
0.666729680189,27,670352331312,670352331285,7,-20,-670352331305,all L3,0
0.666731720898,27,609241916532,609241916505,7,-20,-609241916525,all L3,0
0.666733827697,27,553702924018,553702923991,7,-20,-553702924011,all L3,0
0.666736002725,27,503227377810,503227377783,7,-20,-503227377803,all L3,0
0.666738248192,27,457353618686,457353618659,7,-20,-457353618679,all L3,0
0.666740566378,27,415662080943,415662080916,7,-20,-415662080936,all L3,0
0.66674295964,27,377771454231,377771454204,7,-20,-377771454224,all L3,0
0.666745430408,27,343335195422,343335195395,7,-20,-343335195415,all L3,0
0.666747981193,27,312038358464,312038358437,7,-20,-312038358457,all L3,0
0.666750614586,27,283594713351,283594713324,7,-20,-283594713344,all L3,0
0.666753333262,27,257744127773,257744127746,7,-20,-257744127766,all L3,0
0.666756139982,27,234250187518,234250187491,7,-20,-234250187511,all L3,0
0.6667590376,27,212898033845,212898033818,7,-20,-212898033838,all L3,0
0.666762029057,27,193492398068,193492398041,7,-20,-193492398061,all L3,0
0.666765117393,27,175855815326,175855815299,7,-20,-175855815319,all L3,0
0.666768305747,27,159827001250,159827001223,7,-20,-159827001243,all L3,0
0.666771597355,27,145259376627,145259376600,7,-20,-145259376620,all L3,0
0.666774995564,27,132019726605,132019726578,7,-20,-132019726598,all L3,0
0.666778503824,27,119986982141,119986982114,7,-20,-119986982134,all L3,0
0.6667821257,27,109051112569,109051112542,7,-20,-109051112562,all L3,0
0.666785864872,27,99112119132.7,99112119105.7,7,-20,-99112119125.7,all L3,0
0.666789725137,27,90079120305.6,90079120278.6,7,-20,-90079120298.6,all L3,0
0.666793710419,27,81869520492.4,81869520465.4,7,-20,-81869520485.4,all L3,0
0.666797824764,27,74408254547.4,74408254520.4,7,-20,-74408254540.4,all L3,0
0.666802072354,27,67627101164.4,67627101137.4,7,-20,-67627101157.4,all L3,0
0.666806457504,27,61464058879.9,61464058852.9,7,-20,-61464058872.9,all L3,0
0.666810984667,27,55862778969.3,55862778942.3,7,-20,-55862778962.3,all L3,0
0.666815658444,27,50772050051.3,50772050024.3,7,-20,-50772050044.3,all L3,0
0.666820483583,27,46145329687,46145329660,7,-20,-46145329680,all L3,0
0.666825464985,27,41940318687.1,41940318660.1,7,-20,-41940318680.1,all L3,0
0.666830607711,27,38118574233.2,38118574206.2,7,-20,-38118574226.2,all L3,0
0.666835916985,27,34645158273.9,34645158246.9,7,-20,-34645158266.9,all L3,0
0.666841398202,27,31488317980.9,31488317953.9,7,-20,-31488317973.9,all L3,0
0.666847056929,27,28619195339.4,28619195312.4,7,-20,-28619195332.4,all L3,0
0.666852898916,27,26011563217.6,26011563190.6,7,-20,-26011563210.6,all L3,0
0.666858930097,27,23641585501.8,23641585474.8,7,-20,-23641585494.8,all L3,0
0.6668651566,27,21487599100.4,21487599073.4,7,-20,-21487599093.4,all L3,0
0.666871584749,27,19529915825.3,19529915798.3,7,-20,-19529915818.3,all L3,0
0.666878221076,27,17750642336.4,17750642309.4,7,-20,-17750642329.4,all L3,0
0.666885072322,27,16133516503.5,16133516476.5,7,-20,-16133516496.5,all L3,0
0.666892145447,27,14663758687.2,14663758660.2,7,-20,-14663758680.2,all L3,0
0.666899447638,27,13327936580.9,13327936553.9,7,-20,-13327936573.9,all L3,0
0.666906986311,27,12113842374.4,12113842347.4,7,-20,-12113842367.4,all L3,0
0.666914769127,27,11010381117.7,11010381090.7,7,-20,-11010381110.7,all L3,0
0.666922803992,27,10007469263.8,10007469236.8,7,-20,-10007469256.8,all L3,0
0.666931099067,27,9095942460.6,9095942433.6,7,-20,-9095942453.6,all L3,0
0.666939662781,27,8267471750.93,8267471723.93,7,-20,-8267471743.93,all L3,0
0.666948503833,27,7514487412.07,7514487385.07,7,-20,-7514487405.07,all L3,0
0.666957631205,27,6830109739.66,6830109712.66,7,-20,-6830109732.66,all L3,0
0.666967054169,27,6208086141.8,6208086114.8,7,-20,-6208086134.8,all L3,0
0.666976782299,27,5642733968.69,5642733941.69,7,-20,-5642733961.69,all L3,0
0.666986825476,27,5128888554.53,5128888527.53,7,-20,-5128888547.53,all L3,0
0.666997193905,27,4661855996.39,4661855969.39,7,-20,-4661855989.39,all L3,0
0.667007898117,27,4237370238.43,4237370211.43,7,-20,-4237370231.43,all L3,0
0.667018948989,27,3851554068.66,3851554041.66,7,-20,-3851554061.66,all L3,0
0.667030357746,27,3500883671.63,3500883644.63,7,-20,-3500883664.63,all L3,0
0.667042135979,27,3182156412.87,3182156385.87,7,-20,-3182156405.87,all L3,0
0.667054295652,27,2892461560.33,2892461533.33,7,-20,-2892461553.33,all L3,0
0.667066849121,27,2629153675.07,2629153648.07,7,-20,-2629153668.07,all L3,0
0.667079809136,27,2389828427.93,2389828400.93,7,-20,-2389828420.93,all L3,0
0.667093188865,27,2172300620.84,2172300593.84,7,-20,-2172300613.84,all L3,0
0.667107001901,27,1974584211.89,1974584184.89,7,-20,-1974584204.89,all L3,0
0.667121262275,27,1794874161.36,1794874134.36,7,-20,-1794874154.36,all L3,0
0.667135984475,27,1631529932.84,1631529905.84,7,-20,-1631529925.84,all L3,0
0.667151183457,27,1483060498.41,1483060471.41,7,-20,-1483060491.41,all L3,0
0.667166874663,27,1348110710.75,1348110683.75,7,-20,-1348110703.75,all L3,0
0.667183074032,27,1225448917.7,1225448890.7,7,-20,-1225448910.7,all L3,0
0.667199798022,27,1113955705.82,1113955678.82,7,-20,-1113955698.82,all L3,0
0.667217063624,27,1012613670.15,1012613643.15,7,-20,-1012613663.15,all L3,0
0.667234888376,27,920498116.506,920498089.506,7,-20,-920498109.506,all L3,0
0.667253290388,27,836768611.395,836768584.395,7,-20,-836768604.395,all L3,0
0.667272288353,27,760661302.205,760661275.205,7,-20,-760661295.205,all L3,0
0.667291901573,27,691481937.472,691481910.472,7,-20,-691481930.472,all L3,0
0.667312149972,27,628599523.387,628599496.387,7,-20,-628599516.387,all L3,0
0.667333054122,27,571440558.557,571440531.557,7,-20,-571440551.557,all L3,0
0.667354635257,27,519483794.286,519483767.286,7,-20,-519483787.286,all L3,0
0.667376915303,27,472255472.477,472255445.477,7,-20,-472255465.477,all L3,0
0.667399916895,27,429324997.614,429324970.614,7,-20,-429324990.614,all L3,0
0.667423663399,27,390301003.24,390300976.24,7,-20,-390300996.24,all L3,0
0.667448178941,27,354827776.984,354827749.984,7,-20,-354827769.984,all L3,0
0.667473488424,27,322582011.438,322581984.438,7,-20,-322582004.438,all L3,0
0.667499617562,27,293269851.184,293269824.184,7,-20,-293269844.184,all L3,0
0.667526592899,27,266624208.978,266624181.978,7,-20,-266624201.978,all L3,0
0.66755444184,27,242402326.544,242402299.544,7,-20,-242402319.544,all L3,0
0.667583192675,27,220383557.694,220383530.694,7,-20,-220383550.694,all L3,0
0.667612874615,27,200367353.49,200367326.49,7,-20,-200367346.49,all L3,0
0.667643517812,27,182171431.053,182171404.053,7,-20,-182171424.053,all L3,0
0.667675153397,27,165630109.252,165630082.252,7,-20,-165630102.252,all L3,0
0.667707813508,27,150592796.084,150592769.084,7,-20,-150592789.084,all L3,0
0.667741531327,27,136922613.907,136922586.907,7,-20,-136922606.907,all L3,0
0.667776341106,27,124495149.958,124495122.958,7,-20,-124495142.958,all L3,0
0.667812278208,27,113197320.743,113197293.743,7,-20,-113197313.743,all L3,0
0.667849379144,27,102926339.919,102926312.919,7,-20,-102926332.919,all L3,0
0.667887681603,27,93588780.2269,93588753.2269,7,-20,-93588773.2269,all L3,0
0.667927224498,27,85099720.9106,85099693.9106,7,-20,-85099713.9106,all L3,0
0.667968047999,27,77381972.8304,77381945.8304,7,-20,-77381965.8304,all L3,0
0.668010193581,27,70365374.1833,70365347.1833,7,-20,-70365367.1833,all L3,0
0.668053704059,27,63986150.4005,63986123.4005,7,-20,-63986143.4005,all L3,0
0.668098623635,27,58186332.3702,58186305.3702,7,-20,-58186325.3702,all L3,0
0.668144997943,27,52913227.6704,52913200.6704,7,-20,-52913220.6704,all L3,0
0.668192874096,27,48118939.9802,48118912.9802,7,-20,-48118932.9802,all L3,0
0.668242300731,27,43759932.2797,43759905.2797,7,-20,-43759925.2797,all L3,0
0.66829332806,27,39796629.8456,39796602.8456,7,-20,-39796622.8456,all L3,0
0.668346007924,27,36193059.4183,36193032.4183,7,-20,-36193052.4183,all L3,0
0.668400393838,27,32916521.2422,32916494.2422,7,-20,-32916514.2422,all L3,0
0.668456541055,27,29937290.9838,29937263.9838,7,-20,-29937283.9838,all L3,0
0.668514506615,27,27228348.8061,27228321.8061,7,-20,-27228341.8061,all L3,0
0.668574349405,27,24765133.1224,24765106.1224,7,-20,-24765126.1224,all L3,0
0.668636130219,27,22525316.7822,22525289.7822,7,-20,-22525309.7822,all L3,0
0.668699911822,27,20488603.6452,20488576.6452,7,-20,-20488596.6452,all L3,0
0.668765759009,27,18636543.6837,18636516.6837,7,-20,-18636536.6837,all L3,0
0.668833738675,27,16952364.928,16952337.928,7,-20,-16952357.928,all L3,0
0.66890391988,27,15420820.7173,15420793.7173,7,-20,-15420813.7173,all L3,0
0.668976373922,27,14028050.8631,14028023.8631,7,-20,-14028043.8631,all L3,0
0.669051174408,27,12761455.4577,12761428.4577,7,-20,-12761448.4577,all L3,0
0.669128397327,27,11609580.1741,11609553.1741,7,-20,-11609573.1741,all L3,0
0.669208121132,27,10562012.0123,10561985.0123,7,-20,-10562005.0123,all L3,0
0.669290426813,27,9609284.53854,9609257.53854,7,-20,-9609277.53854,all L3,0
0.669375397985,27,8742791.75441,8742764.75441,7,-20,-8742784.75441,all L3,0
0.669463120972,27,7954709.80756,7954682.80756,7,-20,-7954702.80756,all L3,0
0.669553684891,27,7237925.83159,7237898.83159,7,-20,-7237918.83159,all L3,0
0.669647181746,27,6585973.26445,6585946.26445,7,-20,-6585966.26445,all L3,0
0.669743706522,27,5992973.05581,5992946.05581,7,-20,-5992966.05581,all L3,0
0.669843357279,27,5453580.22667,5453553.22667,7,-20,-5453573.22667,all L3,0
0.669946235252,27,4962935.29391,4962908.29391,7,-20,-4962928.29391,all L3,0
0.670052444956,27,4516620.11649,4516593.11649,7,-20,-4516613.11649,all L3,0
0.670162094289,27,4110617.76076,4110590.76076,7,-20,-4110610.76076,all L3,0
0.670275294645,27,3741276.01864,3741249.01864,7,-20,-3741269.01864,all L3,0
0.670392161025,27,3405274.24619,3405247.24619,7,-20,-3405267.24619,all L3,0
0.670512812154,27,3099593.22003,3099566.22003,7,-20,-3099586.22003,all L3,0
0.670637370602,27,2821487.73687,2821460.73687,7,-20,-2821480.73687,all L3,0
0.670765962909,27,2568461.7064,2568434.7064,7,-20,-2568454.7064,all L3,0
0.670898719711,27,2338245.51035,2338218.51035,7,-20,-2338238.51035,all L3,0
0.671035775878,27,2128775.42153,2128748.42153,7,-20,-2128768.42153,all L3,0
0.671177270646,27,1938174.89528,1938147.89528,7,-20,-1938167.89528,all L3,0
0.67132334776,27,1764737.56276,1764710.56276,7,-20,-1764730.56276,all L3,0
0.671474155619,27,1606911.77121,1606884.77121,7,-20,-1606904.77121,all L3,0
0.671629847432,27,1463286.53039,1463259.53039,7,-20,-1463279.53039,all L3,0
0.671790581365,27,1332578.73711,1332551.73711,7,-20,-1332571.73711,all L3,0
0.67195652071,27,1213621.56161,1213594.56161,7,-20,-1213614.56161,all L3,0
0.672127834045,27,1105353.88989,1105326.88989,7,-20,-1105346.88989,all L3,0
0.672304695408,27,1006810.72612,1006783.72612,7,-20,-1006803.72612,all L3,0
0.672487284473,27,917114.467508,917087.467508,7,-20,-917107.467508,all L3,0
0.672675786734,27,835466.972363,835439.972363,7,-20,-835459.972363,all L3,0
0.67287039369,27,761142.349186,761115.349186,7,-20,-761135.349186,all L3,0
0.673071303045,27,693480.401108,693453.401108,7,-20,-693473.401108,all L3,0
0.673278718903,27,631880.666109,631853.666109,7,-20,-631873.666109,all L3,0
0.673492851979,27,575796.998789,575769.998789,7,-20,-575789.998789,all L3,0
0.673713919812,27,524732.644428,524705.644428,7,-20,-524725.644428,all L3,0
0.673942146986,27,478235.760569,478208.760569,7,-20,-478228.760569,all L3,0
0.674177765357,27,435895.345391,435868.345391,7,-20,-435888.345391,all L3,0
0.674421014293,27,397337.535911,397310.535911,7,-20,-397330.535911,all L3,0
0.67467214091,27,362222.242345,362195.242345,7,-20,-362215.242345,all L3,0
0.674931400329,27,330240.088092,330213.088092,7,-20,-330233.088092,all L3,0
0.675199055934,27,301109.627527,301082.627527,7,-20,-301102.627527,all L3,0
0.675475379637,27,274574.816365,274547.816365,7,-20,-274567.816365,all L3,0
0.675760652157,27,250402.711616,250375.711616,7,-20,-250395.711616,all L3,0
0.676055163304,27,228381.380286,228354.380286,7,-20,-228374.380286,all L3,0
0.676359212273,27,208317.997821,208290.997821,7,-20,-208310.997821,all L3,0
0.676673107948,27,190037.119076,190010.119076,7,-20,-190030.119076,all L3,0
0.676997169219,27,173379.10612,173352.10612,7,-20,-173372.10612,all L3,0
0.677331725301,27,158198.698622,158171.698622,7,-20,-158191.698622,all L3,0
0.677677116071,27,144363.713876,144336.713876,7,-20,-144356.713876,all L3,0
0.678033692413,27,131753.864683,131726.864683,7,-20,-131746.864683,all L3,0
0.678401816575,27,120259.684381,120232.684381,7,-20,-120252.684381,all L3,0
0.678781862536,27,109781.549298,109754.549298,7,-20,-109774.549298,all L3,0
0.679174216387,27,100228.789783,100201.789783,7,-20,-100221.789783,all L3,0
0.679579276722,27,91518.8817637,91491.8817637,7,-20,-91511.8817637,all L3,0
0.679997455044,27,83576.7115328,83549.7115328,7,-20,-83569.7115328,all L3,0
0.680429176183,27,76333.9071034,76306.9071034,7,-20,-76326.9071034,all L3,0
0.680874878726,27,69728.2301028,69701.2301028,7,-20,-69721.2301028,all L3,0
0.681335015464,27,63703.0227056,63676.0227056,7,-20,-63696.0227056,all L3,0
0.681810053854,27,58206.7046134,58179.7046134,7,-20,-58199.7046134,all L3,0
0.682300476489,27,53192.3155431,53165.3155431,7,-20,-53185.3155431,all L3,0
0.682806781592,27,48617.0990944,48590.0990944,7,-20,-48610.0990944,all L3,0
0.68332948352,27,44442.1242446,44415.1242446,7,-20,-44435.1242446,all L3,0
0.68386911329,27,40631.941061,40604.941061,7,-20,-40624.941061,all L3,0
0.684426219115,27,37154.2675257,37127.2675257,7,-20,-37147.2675257,all L3,0
0.685001366959,27,33979.7046571,33952.7046571,7,-20,-33972.7046571,all L3,0
0.685595141121,27,31081.4773604,31054.4773604,7,-20,-31074.4773604,all L3,0
0.686208144817,27,28435.1986789,28408.1986789,7,-20,-28428.1986789,all L3,0
0.686841000801,27,26018.6553246,25991.6553246,7,-20,-26011.6553246,all L3,0
0.687494351995,27,23811.6125626,23784.6125626,7,-20,-23804.6125626,all L3,0
0.688168862142,27,21795.6366962,21768.6366962,7,-20,-21788.6366962,all L3,0
0.68886521648,27,19953.9335595,19926.9335595,7,-20,-19946.9335595,all L3,0
0.689584122439,27,18271.2015694,18244.2015694,7,-20,-18264.2015694,all L3,0
0.690326310359,27,16733.4980196,16706.4980196,7,-20,-16726.4980196,all L3,0
0.691092534233,27,15328.1174184,15301.1174184,7,-20,-15321.1174184,all L3,0
0.691883572472,27,14043.4807822,14016.4807822,7,-20,-14036.4807822,all L3,0
0.692700228696,27,12869.0348926,12842.0348926,7,-20,-12862.0348926,all L3,0
0.693543332548,27,11795.1606191,11768.1606191,7,-20,-11788.1606191,all L3,0
0.694413740545,27,10813.0894851,10786.0894851,7,-20,-10806.0894851,all L3,0
0.695312336936,27,9914.82773593,9887.82773593,7,-20,-9907.82773593,all L3,0
0.696240034611,27,9093.08722883,9066.08722883,7,-20,-9086.08722883,all L3,0
0.697197776023,27,8341.22253043,8314.22253043,7,-20,-8334.22253043,all L3,0
0.698186534147,27,7653.17366122,7626.17366122,7,-20,-7646.17366122,all L3,0
0.699207313466,27,7023.41397748,6996.41397748,7,-20,-7016.41397748,all L3,0
0.700261150995,27,6446.90272742,6419.90272742,7,-20,-6439.90272742,all L3,0
0.701349117334,27,5919.04186017,5892.04186017,7,-20,-5912.04186017,all L3,0
0.702472317754,27,5435.63670424,5408.63670424,7,-20,-5428.63670424,all L3,0
0.703631893318,27,4992.860167,4965.860167,7,-20,-4985.860167,all L3,0
0.704829022047,27,4587.22013803,4560.22013803,7,-20,-4580.22013803,all L3,0
0.706064920109,27,4215.52980788,4188.52980788,7,-20,-4208.52980788,all L3,0
0.707340843059,27,3874.88064002,3847.88064002,7,-20,-3867.88064002,all L3,0
0.708658087115,27,3562.61775728,3535.61775728,7,-20,-3555.61775728,all L3,0
0.710017990471,27,3276.31752571,3249.31752571,7,-20,-3269.31752571,all L3,0
0.71142193466,27,3013.76713833,2986.76713833,7,-20,-3006.76713833,all L3,0
0.712871345956,27,2772.94601929,2745.94601929,7,-20,-2765.94601929,all L3,0
0.714367696824,27,2552.00888482,2525.00888482,7,-20,-2545.00888482,all L3,0
0.715912507414,27,2349.27031235,2322.27031235,7,-20,-2342.27031235,all L3,0
0.717507347107,27,2163.19068262,2136.19068262,7,-20,-2156.19068262,all L3,0
0.719153836109,27,1992.36337153,1965.36337153,7,-20,-1985.36337153,all L3,0
0.720853647097,27,1835.50307985,1808.50307985,7,-20,-1828.50307985,all L3,0
0.722608506917,27,1691.43519889,1664.43519889,7,-20,-1684.43519889,all L3,0
0.724420198341,27,1559.08611938,1532.08611938,7,-20,-1552.08611938,all L3,0
0.726290561875,27,1437.47439916,1410.47439916,7,-20,-1430.47439916,all L3,0
0.728221497631,27,1325.70271297,1298.70271297,7,-20,-1318.70271297,all L3,0
0.730214967256,27,1222.95051443,1195.95051443,7,-20,-1215.95051443,all L3,0
0.732272995928,27,1128.46734659,1101.46734659,7,-20,-1121.46734659,all L3,0
0.734397674407,27,1041.56674319,1014.56674319,7,-20,-1034.56674319,all L3,0
0.736591161165,27,961.620668053,934.620668053,7,-20,-954.620668053,all L3,0
0.738855684578,27,888.054444444,861.054444444,7,-20,-881.054444444,all L3,0
0.741193545186,27,820.342130985,793.342130985,7,-20,-813.342130985,all L3,0
0.743607118033,27,758.002304246,731.002304246,7,-20,-751.002304246,all L3,0
0.746098855081,27,700.594211911,673.594211911,7,-20,-693.594211911,all L3,0
0.748671287697,27,647.714263569,620.714263569,7,-20,-640.714263569,all L3,0
0.751327029231,27,598.992829169,571.992829169,7,-20,-591.992829169,all L3,0
0.754068777663,27,554.091317831,527.091317831,7,-20,-547.091317831,all L3,0
0.75689931835,27,512.699512178,485.699512178,7,-20,-505.699512178,all L3,0
0.759821526851,27,474.533135538,447.533135538,7,-20,-467.533135538,all L3,0
0.762838371855,27,439.331631437,412.331631437,7,-20,-432.331631437,all L3,0
0.76595291819,27,406.856136588,379.856136588,7,-20,-399.856136588,all L3,0
0.769168329938,27,376.8876303,349.8876303,7,-20,-369.8876303,all L3,0
0.772487873654,27,349.225244741,322.225244741,7,-20,-342.225244741,all L3,0
0.775914921679,27,323.68472186,296.68472186,7,-20,-316.68472186,all L3,0
0.779452955569,27,300.097004067,273.097004067,7,-20,-293.097004067,all L3,0
0.78310556963,27,278.306946892,251.306946892,7,-20,-271.306946892,all L3,0
0.786876474573,27,258.172142906,231.172142906,7,-20,-251.172142906,all L3,0
0.790769501278,27,239.561847135,212.561847135,7,-20,-232.561847135,all L3,0
0.794788604692,27,222.355995066,195.355995066,7,-20,-215.355995066,all L3,0
0.798937867842,27,206.444305128,179.444305128,7,-20,-199.444305128,all L3,0
0.803221505986,27,191.725458262,164.725458262,7,-20,-184.725458262,all L3,0
0.807643870895,27,178.106347838,151.106347838,7,-20,-171.106347838,all L3,0
0.812209455272,27,165.501393779,138.501393779,7,-20,-158.501393779,all L3,0
0.816922897316,27,153.831915282,126.831915282,7,-20,-146.831915282,all L3,0
0.821788985439,27,143.025557052,116.025557052,7,-20,-136.025557052,all L3,0
0.826812663125,27,133.015764365,106.015764365,7,-20,-126.015764365,all L3,0
0.831999033952,27,123.741302744,96.7413027436,7,-20,-116.741302744,all L3,0
0.837353366783,27,115.145818345,88.145818345,7,-20,-108.145818345,all L3,0
0.842881101112,27,107.177435552,80.1774355521,7,-20,-100.177435552,all L3,0
0.848587852591,27,99.7883885269,72.7883885269,7,-20,-92.7883885269,all L3,0
0.85447941874,27,92.9346837937,65.9346837937,7,-20,-85.9346837937,all L3,0
0.860561784831,27,86.5757911621,59.5757911621,7,-20,-79.5757911621,all L3,0
0.86684112997,27,80.6743605385,53.6743605385,7,-20,-73.6743605385,all L3,0
0.873323833378,27,75.1959623841,48.1959623841,7,-20,-68.1959623841,all L3,0
0.880016480865,27,70.108849772,43.108849772,7,-20,-63.108849772,all L3,0
0.886925871527,27,65.3837401691,38.3837401691,7,-20,-58.3837401691,all L3,0
0.894059024649,27,60.993615227,33.993615227,7,-20,-53.993615227,all L3,0
0.9,27,57.6691387948,30.6691387948,7,-20,-50.6691387948,all L3,0
0.901423186838,27,56.9135370095,29.9135370095,7,-20,-49.9135370095,all L3,0
0.909025839385,27,53.1204792134,26.1204792134,7,-20,-46.1204792134,all L3,0
0.910978491455,27,52.2081570956,25.2081570956,7,-20,-45.2081570956,all L3,0
0.916874705863,27,49.593172053,22.593172053,7,-20,-42.593172053,all L3,0
0.920751710165,27,47.9806132639,20.9806132639,7,-20,-40.9806132639,all L3,0
0.924977759976,27,46.3119595821,19.3119595821,7,-20,-39.3119595821,all L3,0
0.929451976893,27,44.639614925,17.639614925,7,-20,-37.639614925,all L3,0
0.933343233659,27,43.2586683186,16.2586683186,7,-20,-36.2586683186,all L3,0
0.937197085582,27,41.95401744,14.95401744,7,-20,-34.95401744,all L3,0
0.94197962544,27,40.4164861103,13.4164861103,7,-20,-33.4164861103,all L3,0
0.944091898175,27,39.7645526734,12.7645526734,7,-20,-32.7645526734,all L3,0
0.950229764357,27,37.9582951199,10.9582951199,7,-20,-30.9582951199,all L3,0
0.950895709072,27,37.7698502485,10.7698502485,7,-20,-30.7698502485,all L3,0
0.955693785424,27,36.4531770914,9.45317709139,7,-20,-29.4531770914,all L3,0
0.960100542453,27,35.3043438846,8.30434388461,7,-20,-28.3043438846,all L3,0
0.960557939406,27,35.1882602152,8.18826021524,7,-20,-28.1882602152,all L3,0
0.964888082658,27,34.1174326678,7.11743266777,7,-20,-27.1174326678,all L3,0
0.968742841503,27,33.2052141918,6.20521419184,7,-20,-26.2052141918,all L3,0
0.969603476818,27,33.0065998397,6.00659983974,7,-20,-26.0065998397,all L3,0
0.972174405978,27,32.4238965412,5.42389654121,7,-20,-25.4238965412,all L3,0
0.97522923644,27,31.7515522695,4.7515522695,7,-20,-24.7515522695,all L3,0
0.977948692601,27,31.170621392,4.170621392,7,-20,-24.170621392,all L3,0
0.979414166249,27,30.8642109141,3.86421091409,7,-20,-23.8642109141,all L3,0
0.9803695935,27,30.6668907095,3.66689070947,7,-20,-23.6668907095,all L3,0
0.982524716,27,30.2287450129,3.22874501291,7,-20,-23.2287450129,all L3,0
0.984443238561,27,29.846609787,2.84660978703,7,-20,-22.846609787,all L3,0
0.986151136286,27,29.5125309178,2.51253091782,7,-20,-22.5125309178,all L3,0
0.987671532606,27,29.2198538316,2.21985383163,7,-20,-22.2198538316,all L3,0
0.989025012345,27,28.9629757566,1.96297575657,7,-20,-21.9629757566,all L3,0
0.989542577474,27,28.8656457974,1.86564579738,7,-20,-21.8656457974,all L3,0
0.990229900427,27,28.7371524198,1.7371524198,7,-20,-21.7371524198,all L3,0
0.991302509974,27,28.5383457332,1.53834573319,7,-20,-21.5383457332,all L3,0
0.992257363173,27,28.3631026709,1.36310267089,7,-20,-21.3631026709,all L3,0
0.993107387896,27,28.2084581213,1.2084581213,7,-20,-21.2084581213,all L3,0
0.993864092727,27,28.0718563389,1.07185633894,7,-20,-21.0718563389,all L3,0
0.994537722782,27,27.9510869546,0.951086954583,7,-20,-20.9510869546,all L3,0
0.99513739842,27,27.8442324757,0.844232475723,7,-20,-20.8442324757,all L3,0
0.995671238719,27,27.7496249279,0.749624927948,7,-20,-20.7496249279,all L3,0
0.996146471406,27,27.6658098232,0.665809823168,7,-20,-20.6658098232,all L3,0
0.996569530714,27,27.5915160426,0.591516042628,7,-20,-20.5915160426,all L3,0
0.996946144491,27,27.5256305275,0.525630527463,7,-20,-20.5256305275,all L3,0
0.997281411757,27,27.4671769021,0.467176902106,7,-20,-20.4671769021,all L3,0
0.997579871735,27,27.4152973349,0.415297334893,7,-20,-20.4152973349,all L3,0
0.99784556531,27,27.3692370788,0.369237078849,7,-20,-20.3692370788,all L3,0
0.998082089738,27,27.3283312438,0.328331243801,7,-20,-20.3283312438,all L3,0
0.998292647353,27,27.2919934359,0.291993435915,7,-20,-20.2919934359,all L3,0
0.998480088917,27,27.2597059678,0.259705967835,7,-20,-20.2597059678,all L3,0
0.998646952225,27,27.231011396,0.231011395967,7,-20,-20.231011396,all L3,0
0.99879549646,27,27.2055051841,0.205505184091,7,-20,-20.2055051841,all L3,0
0.998927732778,27,27.1828293268,0.182829326812,7,-20,-20.1828293268,all L3,0
0.999045451543,27,27.1626667941,0.162666794084,7,-20,-20.1626667941,all L3,0
0.999150246564,27,27.1447366806,0.144736680622,7,-20,-20.1447366806,all L3,0
0.999243536672,27,27.1287899624,0.128789962445,7,-20,-20.1287899624,all L3,0
0.999326584934,27,27.114605778,0.114605777962,7,-20,-20.114605778,all L3,0
0.99940051575,27,27.1019881635,0.101988163508,7,-20,-20.1019881635,all L3,0
0.999466330077,27,27.0907631836,0.0907631836316,7,-20,-20.0907631836,all L3,0
0.999524918984,27,27.0807764051,0.0807764050977,7,-20,-20.0807764051,all L3,0
0.999577075713,27,27.0718906708,0.0718906708048,7,-20,-20.0718906708,all L3,0
0.999623506419,27,27.0639841359,0.0639841359258,7,-20,-20.0639841359,all L3,0
0.999664839735,27,27.0569485337,0.0569485337262,7,-20,-20.0569485337,all L3,0
0.999701635276,27,27.0506876429,0.0506876428875,7,-20,-20.0506876429,all L3,0
0.999734391222,27,27.0451159319,0.0451159318763,7,-20,-20.0451159319,all L3,0
0.999763551059,27,27.0401573591,0.0401573590825,7,-20,-20.0401573591,all L3,0
0.999789509586,27,27.0357443102,0.0357443101712,7,-20,-20.0357443102,all L3,0
0.999812618258,27,27.0318166564,0.0318166564356,7,-20,-20.0318166564,all L3,0
0.999833189946,27,27.02832092,0.0283209199604,7,-20,-20.02832092,all L3,0
0.999851503174,27,27.0252095332,0.0252095331521,7,-20,-20.0252095332,all L3,0
0.999867805885,27,27.0224401817,0.0224401817104,7,-20,-20.0224401817,all L3,0
0.999882318805,27,27.0199752214,0.0199752214308,7,-20,-20.0199752214,all L3,0
0.999895238425,27,27.0177811604,0.0177811603788,7,-20,-20.0177811604,all L3,0
0.999906739665,27,27.015828199,0.0158281989798,7,-20,-20.015828199,all L3,0
0.999916978243,27,27.0140898214,0.0140898214423,7,-20,-20.0140898214,all L3,0
0.99992609278,27,27.0125424327,0.0125424327048,7,-20,-20.0125424327,all L3,0
0.999934206678,27,27.0111650358,0.0111650357695,7,-20,-20.0111650358,all L3,0
0.999941429792,27,27.0099389449,0.00993894487832,7,-20,-20.0099389449,all L3,0
0.999947859917,27,27.0088475305,0.0088475305092,7,-20,-20.0088475305,all L3,0
0.999953584112,27,27.0078759926,0.00787599263131,7,-20,-20.0078759926,all L3,0
0.999958679876,27,27.0070111591,0.00701115906105,7,-20,-20.0070111591,all L3,0
0.999963216202,27,27.0062413061,0.00624130612027,7,-20,-20.0062413061,all L3,0
0.999967254508,27,27.0055559991,0.00555599911434,7,-20,-20.0055559991,all L3,0
0.999970849469,27,27.0049459504,0.00494595042656,7,-20,-20.0049459504,all L3,0
0.999974049758,27,27.0044028933,0.00440289327368,7,-20,-20.0044028933,all L3,0
0.999976898703,27,27.0039194694,0.00391946938611,7,-20,-20.0039194694,all L3,0
0.999979434877,27,27.0034891291,0.00348912907043,7,-20,-20.0034891291,all L3,0
0.999981692617,27,27.0031060423,0.00310604228453,7,-20,-20.0031060423,all L3,0
0.999983702492,27,27.0027650195,0.00276501950744,7,-20,-20.0027650195,all L3,0
0.999985491712,27,27.0024614413,0.00246144132202,7,-20,-20.0024614413,all L3,0
0.999987084503,27,27.0021911957,0.00219119574906,7,-20,-20.0021911957,all L3,0
0.99998850243,27,27.0019506225,0.00195062247658,7,-20,-20.0019506225,all L3,0
0.99998976469,27,27.0017364632,0.00173646322526,7,-20,-20.0017364632,all L3,0
0.999990888372,27,27.0015458176,0.00154581757263,7,-20,-20.0015458176,all L3,0
0.999991888692,27,27.0013761036,0.00137610363547,7,-20,-20.0013761036,all L3,0
0.999992779191,27,27.0012250231,0.00122502307461,7,-20,-20.0012250231,all L3,0
0.999993571927,27,27.0010905299,0.00109052994702,7,-20,-20.0010905299,all L3,0
0.999994277632,27,27.000970803,0.000970802981438,7,-20,-20.000970803,all L3,0
0.999994905862,27,27.0008642209,0.000864220900528,7,-20,-20.0008642209,all L3,0
0.999995465121,27,27.0007693405,0.000769340455211,7,-20,-20.0007693405,all L3,0
0.999995962983,27,27.0006848769,0.000684876872231,7,-20,-20.0006848769,all L3,0
0.999996406186,27,27.0006096864,0.000609686449948,7,-20,-20.0006096864,all L3,0
0.999996800733,27,27.0005427511,0.000542751066014,7,-20,-20.0005427511,all L3,0
0.999997151964,27,27.0004831644,0.000483164386907,7,-20,-20.0004831644,all L3,0
0.999997464636,27,27.0004301196,0.000430119592217,7,-20,-20.0004301196,all L3,0
0.99999774298,27,27.0003828984,0.000382898447302,7,-20,-20.0003828984,all L3,0
0.999997990767,27,27.0003408616,0.000340861575939,7,-20,-20.0003408616,all L3,0
0.99999821135,27,27.0003034398,0.000303439801556,7,-20,-20.0003034398,all L3,0
0.999998407717,27,27.0002701264,0.000270126438906,7,-20,-20.0002701264,all L3,0
0.999998582526,27,27.0002404704,0.000240470432793,7,-20,-20.0002404704,all L3,0
0.999998738143,27,27.0002140702,0.000214070249889,7,-20,-20.0002140702,all L3,0
0.999998876676,27,27.0001905684,0.000190568441383,7,-20,-20.0001905684,all L3,0
0.999999,27,27.0001696468,0.000169646802743,7,-20,-20.0001696468,all L3,0
alpha<=2/3,27,inf,inf,7,-20,-inf,,
