alpha,b,g=1-b,W_alpha,W_over_T1
0.7,0.001,0.999,4113.85261867,457094.735408
0.7,0.00105925372518,0.998940746275,4113.90094858,431530.326053
0.7,0.0011220184543,0.998877981546,4113.95214219,407395.967352
0.7,0.00118850222744,0.998811497773,4114.00636918,384611.663525
0.7,0.00125892541179,0.998741074588,4114.06380929,363101.893686
0.7,0.00133352143216,0.998666478568,4114.1246529,342795.36152
0.7,0.00141253754462,0.998587462455,4114.18910167,323624.758965
0.7,0.00149623565609,0.998503764344,4114.25736923,305526.543115
0.7,0.00158489319246,0.998415106808,4114.32968183,288440.725596
0.7,0.00167880401812,0.998321195982,4114.40627917,272310.673733
0.7,0.00177827941004,0.99822172059,4114.48741511,257082.922832
0.7,0.00188364908949,0.998116350911,4114.57335858,242706.998969
0.7,0.00199526231497,0.998004737685,4114.66439443,229135.251683
0.7,0.00211348903984,0.99788651096,4114.7608244,216322.696043
0.7,0.00223872113857,0.997761278861,4114.86296809,204226.863533
0.7,0.00237137370566,0.997628626294,4114.97116406,192807.661288
0.7,0.00251188643151,0.997488113568,4115.08577089,182027.239204
0.7,0.0026607250598,0.99733927494,4115.20716846,171849.864478
0.7,0.00281838293126,0.997181617069,4115.3357591,162241.803169
0.7,0.00298538261892,0.997014617381,4115.47196903,153171.208383
0.7,0.00316227766017,0.99683772234,4115.61624968,144608.014713
0.7,0.00334965439158,0.996650345608,4115.76907925,136523.838585
0.7,0.00354813389234,0.996451866108,4115.93096426,128891.884177
0.7,0.00375837404288,0.996241625957,4116.10244125,121686.854601
0.7,0.00398107170553,0.996018928294,4116.28407854,114884.868057
0.7,0.00421696503429,0.995783034966,4116.47647813,108463.378669
0.7,0.00446683592151,0.995533164078,4116.68027767,102401.101759
0.7,0.00473151258961,0.99526848741,4116.8961526,96677.9432963
0.7,0.00501187233627,0.994988127664,4117.12481837,91274.9332903
0.7,0.00530884444231,0.994691155558,4117.36703282,86174.1629164
0.7,0.0056234132519,0.994376586748,4117.62359869,81358.7251538
0.7,0.00595662143529,0.994043378565,4117.89536626,76812.6587454
0.7,0.0063095734448,0.993690426555,4118.18323619,72520.8952928
0.7,0.00668343917569,0.993316560824,4118.48816252,68469.2093107
0.7,0.00707945784384,0.992920542156,4118.81115576,64644.1710747
0.7,0.00749894209332,0.992501057907,4119.15328632,61033.1021076
0.7,0.00794328234724,0.992056717653,4119.51568802,57624.0331548
0.7,0.00841395141645,0.991586048584,4119.89956181,54405.6645114
0.7,0.00891250938134,0.991087490619,4120.30617982,51367.3285681
0.7,0.00944060876286,0.990559391237,4120.73688951,48498.9544521
0.7,0.01,0.99,4121.19311818,45791.0346464
0.7,0.0105925372518,0.989407462748,4121.67637764,43234.593476
0.7,0.011220184543,0.988779815457,4122.18826928,40821.1573573
0.7,0.0118850222744,0.988114977726,4122.73048933,38542.7267115
0.7,0.0125892541179,0.987410745882,4123.30483449,36391.749449
0.7,0.0133352143216,0.986664785678,4123.91320787,34361.0959375
0.7,0.0141253754462,0.985874624554,4124.55762531,32444.0353699
0.7,0.0149623565609,0.985037643439,4125.24022203,30634.2134544
0.7,0.0158489319246,0.984151068075,4125.9632597,28925.6313529
0.7,0.0167880401812,0.983211959819,4126.72913395,27312.6257966
0.7,0.0177827941004,0.9822172059,4127.54038226,25789.8503149
0.7,0.0188364908949,0.981163509105,4128.39969241,24352.2575141
0.7,0.0199526231497,0.98004737685,4129.30991131,22995.0823471
0.7,0.0211348903984,0.978865109602,4130.27405445,21713.8263191
0.7,0.0223872113857,0.977612788614,4131.29531591,20504.2425772
0.7,0.0237137370566,0.976286262943,4132.37707886,19362.3218334
0.7,0.0251188643151,0.974881135685,4133.5229268,18284.2790756
0.7,0.026607250598,0.973392749402,4134.73665538,17266.5410219
0.7,0.0281838293126,0.971816170687,4136.02228497,16305.7342764
0.7,0.0298538261892,0.970146173811,4137.38407397,15398.6741478
0.7,0.0316227766017,0.968377223398,4138.82653283,14542.3540934
0.7,0.0334965439158,0.966503456084,4140.35443902,13733.9357538
0.7,0.0354813389234,0.964518661077,4141.97285279,12970.7395445
0.7,0.0375837404288,0.962416259571,4143.68713389,12250.2357746
0.7,0.0398107170553,0.960189282945,4145.50295931,11570.0362614
0.7,0.0421696503429,0.957830349657,4147.42634199,10927.8864151
0.7,0.0446683592151,0.955331640785,4149.4636507,10321.6577651
0.7,0.0473151258961,0.952684874104,4151.62163109,9749.3409054
0.7,0.0501187233627,0.949881276637,4153.90742793,9209.03883425
0.7,0.0530884444231,0.946911555577,4156.32860874,8698.96066609
0.7,0.056234132519,0.943765867481,4158.89318872,8217.41569562
0.7,0.0595662143529,0.940433785647,4161.60965724,7762.80779382
0.7,0.063095734448,0.936904265552,4164.48700583,7333.63011737
0.7,0.0668343917569,0.933165608243,4167.53475785,6928.46011411
0.7,0.0707945784384,0.929205421562,4170.76299988,6545.95480784
0.7,0.0749894209332,0.925010579067,4174.18241502,6184.84634688
0.7,0.0794328234724,0.920567176528,4177.80431809,5843.93780172
0.7,0.0841395141645,0.915860485835,4181.6406929,5522.09919762
0.7,0.0891250938134,0.910874906187,4185.7042318,5218.26376926
0.7,0.0944060876286,0.905593912371,4190.00837744,4931.42442481
0.7,0.1,0.9,4194.56736711,4660.6304079
0.7,0.105925372518,0.894074627482,4199.39627959,4404.9841462
0.7,0.11220184543,0.88779815457,4204.51108484,4163.63827639
0.7,0.118850222744,0.881149777256,4209.92869655,3935.7928355
0.7,0.125892541179,0.874107458821,4215.66702787,3720.69260937
0.7,0.133352143216,0.866647856784,4221.74505033,3517.62462947
0.7,0.141253754462,0.858746245538,4228.18285632,3325.91580971
0.7,0.149623565609,0.850376434391,4235.0017252,3144.93071548
0.7,0.158489319246,0.841510680754,4242.22419333,2974.06945746
0.7,0.167880401812,0.832119598188,4249.87412828,2812.76570331
0.7,0.177827941004,0.822172058996,4257.97680732,2660.48480051
0.7,0.188364908949,0.811635091051,4266.5590007,2516.7220043
0.7,0.199526231497,0.800473768503,4275.64905974,2381.00080468
0.7,0.211348903984,0.788651096016,4285.27701017,2252.87134707
0.7,0.223872113857,0.776127886143,4295.4746511,2131.90894128
0.7,0.237137370566,0.762862629434,4306.27565977,2017.71265392
0.7,0.251188643151,0.748811356849,4317.71570256,1909.90397956
0.7,0.26607250598,0.73392749402,4329.83255271,1808.12558624
0.7,0.281838293126,0.718161706874,4342.66621499,1712.04013117
0.7,0.298538261892,0.701461738108,4356.25905787,1621.32914267
0.7,0.316227766017,0.683772233983,4370.65595374,1535.69196475
0.7,0.334965439158,0.665034560842,4385.90442741,1454.84476065
0.7,0.354813389234,0.645186610766,4402.0548138,1378.51957219
0.7,0.375837404288,0.624162595712,4419.16042511,1306.46343182
0.7,0.398107170553,0.601892829447,4437.27772822,1238.43752426
0.7,0.421696503429,0.578303496571,4456.46653298,1174.21639516
0.7,0.446683592151,0.553316407849,4476.79019216,1113.58720401
0.7,0.473151258961,0.526848741039,4498.31581372,1056.34901889
0.7,0.501187233627,0.498812766373,4521.11448637,1002.3121507
0.7,0.530884444231,0.469115555769,4545.26151936,951.297524715
0.7,0.56234132519,0.43765867481,4570.83669729,903.136087272
0.7,0.595662143529,0.404337856471,4597.92455128,857.668245747
0.7,0.63095734448,0.36904265552,4626.61464749,814.743339883
0.7,0.668343917569,0.331656082431,4657.00189431,774.219142752
0.7,0.707945784384,0.292054215616,4689.18686962,735.961389677
0.7,0.749894209332,0.250105790668,4723.27616961,699.843333578
0.7,0.794328234724,0.205671765276,4759.38278077,665.745325241
0.7,0.841395141645,0.158604858355,4797.62647683,633.554417125
0.7,0.891250938134,0.108749061866,4838.13424267,603.163989407
0.7,0.944060876286,0.0559391237141,4881.04072714,574.473396996
0.7,1,0,4926.48872732,547.387636369
0.7,1.05925372518,-0.0592537251773,4974.62970655,521.817031107
0.7,1.1220184543,-0.122018454302,5025.624349,497.676935083
0.7,1.18850222744,-0.188502227437,5079.64315388,474.887452329
0.7,1.25892541179,-0.258925411794,5136.86707243,453.373172628
0.7,1.33352143216,-0.333521432163,5197.48819124,433.062921965
0.7,1.41253754462,-0.412537544623,5261.71046587,413.889526996
0.7,1.49623565609,-0.496235656094,5329.75050882,395.789592748
0.7,1.58489319246,-0.584893192461,5401.83843662,378.703292809
0.7,1.67880401812,-0.678804018123,5478.21878085,362.574171302
0.7,1.77827941004,-0.778279410039,5559.15146856,347.348955974
0.7,1.88364908949,-0.88364908949,5644.91287808,332.977381779
0.7,1.99526231497,-0.995262314969,5735.79697647,319.412024365
0.7,2.11348903984,-1.11348903984,5832.11654551,306.60814288
0.7,2.23872113857,-1.23872113857,5934.20450402,294.523531602
0.7,2.37137370566,-1.37137370566,6042.41533428,283.118379859
0.7,2.51188643151,-1.51188643151,6157.12662169,272.355139789
0.7,2.6607250598,-1.6607250598,6278.74071704,262.198401477
0.7,2.81838293126,-1.81838293126,6407.68653184,252.614775057
0.7,2.98538261892,-1.98538261892,6544.42147789,243.572779375
0.7,3.16227766017,-2.16227766017,6689.43356312,235.042736843
0.7,3.34965439158,-2.34965439158,6843.24365695,226.996674116
0.7,3.54813389234,-2.54813389234,7006.40793924,219.408228283
0.7,3.75837404288,-2.75837404288,7179.52054822,212.252558222
0.7,3.98107170553,-2.98107170553,7363.21644393,205.506260864
0.7,4.21696503429,-3.21696503429,7558.17450519,199.147292049
0.7,4.46683592151,-3.46683592151,7765.12087948,193.154891738
0.7,4.73151258961,-3.73151258961,7984.83260675,187.509513326
0.7,5.01187233627,-4.01187233627,8218.14154,182.192756821
0.7,5.30884444231,-4.30884444231,8465.93858711,177.187305681
0.7,5.6234132519,-4.6234132519,8729.17830082,172.476867099
0.7,5.95662143529,-4.95662143529,9008.88384571,168.046115544
0.7,6.3095734448,-5.3095734448,9306.1523736,163.880639388
0.7,6.68343917569,-5.68343917569,9622.16084131,159.966890438
0.7,7.07945784384,-6.07945784384,9958.17230789,156.29213623
0.7,7.49894209332,-6.49894209332,10315.5427512,152.844414924
0.7,7.94328234724,-6.94328234724,10695.7284475,149.612492669
0.7,8.41395141645,-7.41395141645,11100.2939611,146.585823311
0.7,8.91250938134,-7.91250938134,11530.9207955,143.754510308
0.7,9.44060876286,-8.44060876286,11989.416762,141.109270754
0.7,10,-9,12477.7261253,138.641401393
0.7,10.5925372518,-9.59253725177,12997.9405936,136.342746519
0.7,11.220184543,-10.220184543,13552.3112229,134.205667681
0.7,11.8850222744,-10.8850222744,14143.2613144,132.223015077
0.7,12.5892541179,-11.5892541179,14773.4003893,130.388100579
0.7,13.3352143216,-12.3352143216,15445.5393321,128.69467228
0.7,14.1253754462,-13.1253754462,16162.7068039,127.136890512
0.7,14.9623565609,-13.9623565609,16928.1670321,125.709305239
0.7,15.8489319246,-14.8489319246,17745.4390968,124.406834768
0.7,16.7880401812,-15.7880401812,18618.3178406,123.224745709
0.7,17.7827941004,-16.7827941004,19550.8965433,122.15863412
0.7,18.8364908949,-17.8364908949,20547.5915108,121.204407772
0.7,19.9526231497,-18.9526231497,21613.1687469,120.358269491
0.7,21.1348903984,-20.1348903984,22752.7728845,119.616701502
0.7,22.3872113857,-21.3872113857,23971.9585738,118.97645074
0.7,23.7137370566,-22.7137370566,25276.7245394,118.434515071
0.7,25.1188643151,-24.1188643151,26673.5505383,117.988130371
0.7,26.607250598,-25.607250598,28169.4374696,117.634758431
0.7,28.1838293126,-27.1838293126,29771.9509106,117.37207563
0.7,29.8538261892,-28.8538261892,31489.2683773,117.197962342
0.7,31.6227766017,-30.6227766017,33330.2306334,117.110493045
0.7,33.4965439158,-32.4965439158,35304.3973998,117.107927077
0.7,35.4813389234,-34.4813389234,37422.1078509,117.188700021
0.7,37.5837404288,-36.5837404288,39694.5463122,117.351415678
0.7,39.8107170553,-38.8107170553,42133.8136175,117.594838593
0.7,42.1696503429,-41.1696503429,44753.0046173,117.91788711
0.7,44.6683592151,-43.6683592151,47566.2923792,118.319626925
0.7,47.3151258961,-46.3151258961,50589.0196662,118.799265112
0.7,50.1187233627,-49.1187233627,53837.7983289,119.356144585
0.7,53.0884444231,-52.0884444231,57330.6173098,119.989738995
0.7,56.234132519,-55.234132519,61086.9600123,120.699648013
0.7,59.5662143529,-58.5662143529,65127.9318587,121.485592996
0.7,63.095734448,-62.095734448,69476.3989341,122.347413008
0.7,66.8343917569,-65.8343917569,74157.1386896,123.285061179
0.7,70.7945784384,-69.7945784384,79197.0037682,124.298601382
0.7,74.9894209332,-73.9894209332,84625.1001089,125.388205216
0.7,79.4328234724,-78.4328234724,90472.9805877,126.55414927
0.7,84.1395141645,-83.1395141645,96774.8555663,127.796812667
0.7,89.1250938134,-88.1250938134,103567.821841,129.116674864
0.7,94.4060876286,-93.4060876286,110892.111615,130.514313691
0.7,100,-99,118791.363271,131.990403634
0.7,105.925372518,-104.925372518,127312.915854,133.545714338
0.7,112.20184543,-111.20184543,136508.129389,135.181109312
0.7,118.850222744,-117.850222744,146432.733288,136.897544852
0.7,125.892541179,-124.892541179,157147.205369,138.696069147
0.7,133.352143216,-132.352143216,168717.18416,140.577821574
0.7,141.253754462,-140.253754462,181213.917481,142.54403217
0.7,149.623565609,-148.623565609,194714.75048,144.596021271
0.7,158.489319246,-157.489319246,209303.656654,146.735199325
0.7,167.880401812,-166.880401812,225071.815659,148.963066848
0.7,177.827941004,-176.827941004,242118.242061,151.281214548
0.7,188.364908949,-187.364908949,260550.469559,153.691323584
0.7,199.526231497,-198.526231497,280485.295606,156.195165976
0.7,211.348903984,-210.348903984,302049.591807,158.794605147
0.7,223.872113857,-222.872113857,325381.18593,161.491596611
0.7,237.137370566,-236.137370566,350629.821917,164.288188778
0.7,251.188643151,-250.188643151,377958.204828,167.186523902
0.7,266.07250598,-265.07250598,407543.138287,170.188839144
0.7,281.838293126,-280.838293126,439576.762665,173.297467766
0.7,298.538261892,-297.538261892,474267.902986,176.514840447
0.7,316.227766017,-315.227766017,511843.536317,179.843486711
0.7,334.965439158,-333.965439158,552550.389324,183.286036485
0.7,354.813389234,-353.813389234,596656.677579,186.845221768
0.7,375.837404288,-374.837404288,644453.999278,190.523878419
0.7,398.107170553,-397.107170553,696259.39715,194.324948057
0.7,421.696503429,-420.696503429,752417.603569,198.251480087
0.7,446.683592151,-445.683592151,813303.485233,202.306633829
0.7,473.151258961,-472.151258961,879324.705231,206.493680774
0.7,501.187233627,-500.187233627,950924.621929,210.816006946
0.7,530.884444231,-529.884444231,1028585.44583,215.27711539
0.7,562.34132519,-561.34132519,1112831.6775,219.88062877
0.7,595.662143529,-594.662143529,1204233.85158,224.630292088
0.7,630.95734448,-629.95734448,1303412.61451,229.529975523
0.7,668.343917569,-667.343917569,1411043.16548,234.583677387
0.7,707.945784384,-706.945784384,1527860.09339,239.795527204
0.7,749.894209332,-748.894209332,1654662.6451,245.169788916
0.7,794.328234724,-793.328234724,1792320.46373,250.710864208
0.7,841.395141645,-840.395141645,1941779.83884,256.423295961
0.7,891.250938134,-890.250938134,2104070.51463,262.311771841
0.7,944.060876286,-943.060876286,2280313.10595,268.381128005
0.7,1000,-999,2471727.17663,274.636352958
0.8,0.001,0.999,43.734034465,4859.33716278
0.8,0.00105925372518,0.998940746275,43.7368258176,4587.80290081
0.8,0.0011220184543,0.998877981546,43.7397825082,4331.45802158
0.8,0.00118850222744,0.998811497773,43.7429143267,4089.45284399
0.8,0.00125892541179,0.998741074588,43.7462316417,3860.98521731
0.8,0.00133352143216,0.998666478568,43.7497454355,3645.29786243
0.8,0.00141253754462,0.998587462455,43.7534673399,3441.67586172
0.8,0.00149623565609,0.998503764344,43.7574096746,3249.4442894
0.8,0.00158489319246,0.998415106808,43.7615854881,3067.96597443
0.8,0.00167880401812,0.998321195982,43.7660086004,2896.63938851
0.8,0.00177827941004,0.99822172059,43.7706936485,2734.89665231
0.8,0.00188364908949,0.998116350911,43.7756561349,2582.20165311
0.8,0.00199526231497,0.998004737685,43.7809124784,2438.04826786
0.8,0.00211348903984,0.99788651096,43.7864800682,2301.95868553
0.8,0.00223872113857,0.997761278861,43.7923773211,2173.4818234
0.8,0.00237137370566,0.997628626294,43.7986237421,2052.19183189
0.8,0.00251188643151,0.997488113568,43.8052399883,1937.68668302
0.8,0.0026607250598,0.99733927494,43.8122479371,1829.58683786
0.8,0.00281838293126,0.997181617069,43.8196707577,1727.53398852
0.8,0.00298538261892,0.997014617381,43.8275329873,1631.18987048
0.8,0.00316227766017,0.99683772234,43.8358606115,1540.2351414
0.8,0.00334965439158,0.996650345608,43.8446811495,1454.36832262
0.8,0.00354813389234,0.996451866108,43.8540237442,1373.30479986
0.8,0.00375837404288,0.996241625957,43.8639192575,1296.77587988
0.8,0.00398107170553,0.996018928294,43.8744003716,1224.52789982
0.8,0.00421696503429,0.995783034966,43.8855016953,1156.32138644
0.8,0.00446683592151,0.995533164078,43.8972598773,1091.93026236
0.8,0.00473151258961,0.99526848741,43.9097137257,1031.14109669
0.8,0.00501187233627,0.994988127664,43.9229043347,973.752397589
0.8,0.00530884444231,0.994691155558,43.936875218,919.573944439
0.8,0.0056234132519,0.994376586748,43.9516724508,868.42615729
0.8,0.00595662143529,0.994043378565,43.9673448193,820.139501654
0.8,0.0063095734448,0.993690426555,43.9839439792,774.553926557
0.8,0.00668343917569,0.993316560824,44.0015246229,731.518334037
0.8,0.00707945784384,0.992920542156,44.0201446573,690.890078314
0.8,0.00749894209332,0.992501057907,44.0398653904,652.534492974
0.8,0.00794328234724,0.992056717653,44.0607517296,616.324444613
0.8,0.00841395141645,0.991586048584,44.0828723911,582.139911429
0.8,0.00891250938134,0.991087490619,44.1063001213,549.867585411
0.8,0.00944060876286,0.990559391237,44.1311119304,519.400496761
0.8,0.01,0.99,44.15738934,490.637659333
0.8,0.0105925372518,0.989407462748,44.1852186442,463.483735912
0.8,0.011220184543,0.988779815457,44.2146911856,437.848722205
0.8,0.0118850222744,0.988114977726,44.2459036471,413.647648515
0.8,0.0125892541179,0.987410745882,44.27895836,390.800298106
0.8,0.0133352143216,0.986664785678,44.3139636293,369.230941313
0.8,0.0141253754462,0.985874624554,44.3510340775,348.868084536
0.8,0.0149623565609,0.985037643439,44.3902910074,329.644233265
0.8,0.0158489319246,0.984151068075,44.4318627856,311.495668372
0.8,0.0167880401812,0.983211959819,44.4758852466,294.362234904
0.8,0.0177827941004,0.9822172059,44.5225021201,278.1871427
0.8,0.0188364908949,0.981163509105,44.5718654813,262.91677816
0.8,0.0199526231497,0.98004737685,44.6241362265,248.500526537
0.8,0.0211348903984,0.978865109602,44.6794845749,234.890604182
0.8,0.0223872113857,0.977612788614,44.7380905974,222.041900156
0.8,0.0237137370566,0.976286262943,44.800144775,209.911826719
0.8,0.0251188643151,0.974881135685,44.8658485873,198.460178173
0.8,0.026607250598,0.973392749402,44.9354151329,187.648997602
0.8,0.0281838293126,0.971816170687,45.0090697839,177.44245107
0.8,0.0298538261892,0.970146173811,45.0870508755,167.806708854
0.8,0.0316227766017,0.968377223398,45.1696104329,158.709833323
0.8,0.0334965439158,0.966503456084,45.2570149372,150.121673086
0.8,0.0354813389234,0.964518661077,45.3495461329,142.013763068
0.8,0.0375837404288,0.962416259571,45.4475018781,134.359230169
0.8,0.0398107170553,0.960189282945,45.5511970411,127.132704207
0.8,0.0421696503429,0.957830349657,45.6609644437,120.310233841
0.8,0.0446683592151,0.955331640785,45.7771558565,113.869207199
0.8,0.0473151258961,0.952684874104,45.9001430458,107.788276949
0.8,0.0501187233627,0.949881276637,46.030318878,102.047289559
0.8,0.0530884444231,0.946911555577,46.168098482,96.6272185212
0.8,0.056234132519,0.943765867481,46.3139204741,91.5101013081
0.8,0.0595662143529,0.940433785647,46.4682482494,86.6789798625
0.8,0.063095734448,0.936904265552,46.631571342,82.1178444152
0.8,0.0668343917569,0.933165608243,46.8044068591,77.81158045
0.8,0.0707945784384,0.929205421562,46.9873009937,73.7459186379
0.8,0.0749894209332,0.925010579067,47.180830619,69.9073875752
0.8,0.0794328234724,0.920567176528,47.3856049715,66.2832691687
0.8,0.0841395141645,0.915860485835,47.6022674277,62.8615565209
0.8,0.0891250938134,0.910874906187,47.83149738,59.6309141747
0.8,0.0944060876286,0.905593912371,48.0740122193,56.5806405861
0.8,0.1,0.9,48.3305694313,53.7006327015
0.8,0.105925372518,0.894074627482,48.6019688144,50.9813525201
0.8,0.11220184543,0.88779815457,48.8890548281,48.4137955333
0.8,0.118850222744,0.881149777256,49.1927190821,45.9894609334
0.8,0.125892541179,0.874107458821,49.5139029763,43.7003234949
0.8,0.133352143216,0.866647856784,49.8536005025,41.5388070347
0.8,0.141253754462,0.858746245538,50.2128612234,39.4977593611
0.8,0.149623565609,0.850376434391,50.5927934402,37.5704286317
0.8,0.158489319246,0.841510680754,50.9945675659,35.7504410381
0.8,0.167880401812,0.832119598188,51.4194197214,34.0317797448
0.8,0.177827941004,0.822172058996,51.8686555736,32.4087650123
0.8,0.188364908949,0.811635091051,52.3436544341,30.876035437
0.8,0.199526231497,0.800473768503,52.8458736449,29.4285302452
0.8,0.211348903984,0.788651096016,53.3768532718,28.0614725833
0.8,0.223872113857,0.776127886143,53.9382211358,26.7703537457
0.8,0.237137370566,0.762862629434,54.5316982103,25.5509182904
0.8,0.251188643151,0.748811356849,55.1591044172,24.3991499887
0.8,0.26607250598,0.73392749402,55.8223648561,23.3112585653
0.8,0.281838293126,0.718161706874,56.5235165057,22.2836671809
0.8,0.298538261892,0.701461738108,57.2647154385,21.3130006168
0.8,0.316227766017,0.683772233983,58.0482445928,20.3960741209
0.8,0.334965439158,0.665034560842,58.8765221515,19.529882877
0.8,0.354813389234,0.645186610766,59.7521105797,18.7115920628
0.8,0.375837404288,0.624162595712,60.6777263782,17.9385274607
0.8,0.398107170553,0.601892829447,61.6562506127,17.2081665924
0.8,0.421696503429,0.578303496571,62.6907402866,16.5181303449
0.8,0.446683592151,0.553316407849,63.7844406271,15.8661750604
0.8,0.473151258961,0.526848741039,64.9407983612,15.2501850639
0.8,0.501187233627,0.498812766373,66.1634760653,14.6681656023
0.8,0.530884444231,0.469115555769,67.4563676754,14.1182361725
0.8,0.56234132519,0.43765867481,68.8236152565,13.598624215
0.8,0.595662143529,0.404337856471,70.2696271308,13.1076591532
0.8,0.63095734448,0.36904265552,71.7990974802,12.6437667579
0.8,0.668343917569,0.331656082431,73.4170275395,12.2054638188
0.8,0.707945784384,0.292054215616,75.1287485125,11.7913531061
0.8,0.749894209332,0.250105790668,76.93994635,11.4001186052
0.8,0.794328234724,0.205671765276,78.8566885409,11.0305210105
0.8,0.841395141645,0.158604858355,80.8854530809,10.6813934615
0.8,0.891250938134,0.108749061866,83.0331597944,10.351637512
0.8,0.944060876286,0.0559391237141,85.3072042031,10.0402193152
0.8,1,0,87.7154941467,9.7461660163
0.8,1.05925372518,-0.0592537251773,90.2664893836,9.46856234075
0.8,1.1220184543,-0.122018454302,92.9692444121,9.20654736665
0.8,1.18850222744,-0.188502227437,95.83345478,8.95931147321
0.8,1.25892541179,-0.258925411794,98.8695071679,8.72609345519
0.8,1.33352143216,-0.333521432163,102.088533559,8.50617779502
0.8,1.41253754462,-0.412537544623,105.502469834,8.29889208453
0.8,1.49623565609,-0.496235656094,109.124119155,8.1036045886
0.8,1.58489319246,-0.584893192461,112.967220551,7.91972194359
0.8,1.67880401812,-0.678804018123,117.046523118,7.74668698365
0.8,1.77827941004,-0.778279410039,121.377866324,7.58397668859
0.8,1.88364908949,-0.88364908949,125.978266927,7.43110024699
0.8,1.99526231497,-0.995262314969,130.866013058,7.28759722896
0.8,2.11348903984,-1.11348903984,136.060766078,7.15303586281
0.8,2.23872113857,-1.23872113857,141.583670872,7.02701141056
0.8,2.37137370566,-1.37137370566,147.45747529,6.90914463712
0.8,2.51188643151,-1.51188643151,153.706659517,6.79908036842
0.8,2.6607250598,-1.6607250598,160.357576223,6.69648613395
0.8,2.81838293126,-1.81838293126,167.438602395,6.60105088936
0.8,2.98538261892,-1.98538261892,174.980303884,6.51248381493
0.8,3.16227766017,-2.16227766017,183.015613721,6.43051318593
0.8,3.34965439158,-2.34965439158,191.580025414,6.35488531115
0.8,3.54813389234,-2.54813389234,200.71180249,6.28536353601
0.8,3.75837404288,-2.75837404288,210.4522057,6.22172730662
0.8,3.98107170553,-2.98107170553,220.845739401,6.16377129177
0.8,4.21696503429,-3.21696503429,231.940418771,6.11130455948
0.8,4.46683592151,-3.46683592151,243.788059655,6.06414980533
0.8,4.73151258961,-3.73151258961,256.444593011,6.0221426295
0.8,5.01187233627,-4.01187233627,269.97040608,5.98513086008
0.8,5.30884444231,-4.30884444231,284.430712589,5.9529739199
0.8,5.6234132519,-4.6234132519,299.895954533,5.92554223445
0.8,5.95662143529,-4.95662143529,316.442238251,5.90271667866
0.8,6.3095734448,-5.3095734448,334.151807801,5.88438806036
0.8,6.68343917569,-5.68343917569,353.113558874,5.8704566382
0.8,7.07945784384,-6.07945784384,373.423596781,5.86083167224
0.8,7.49894209332,-6.49894209332,395.185842353,5.85543100517
0.8,7.94328234724,-6.94328234724,418.512689952,5.85418067265
0.8,8.41395141645,-7.41395141645,443.525722128,5.85701454083
0.8,8.91250938134,-7.91250938134,470.356485896,5.86387396973
0.8,9.44060876286,-8.44060876286,499.147336007,5.87470750086
0.8,10,-9,530.0523511,5.88947056778
0.8,10.5925372518,-9.59253725177,563.238329111,5.90812522821
0.8,11.220184543,-10.220184543,598.885868904,5.93063991662
0.8,11.8850222744,-10.8850222744,637.190545683,5.956989216
0.8,12.5892541179,-11.5892541179,678.364188433,5.98715364776
0.8,13.3352143216,-12.3352143216,722.636268362,6.02111947887
0.8,14.1253754462,-13.1253754462,770.2554081,6.05887854515
0.8,14.9623565609,-13.9623565609,821.491022301,6.10042808991
0.8,15.8489319246,-14.8489319246,876.635101214,6.14577061711
0.8,16.7880401812,-15.7880401812,936.004149832,6.19491375823
0.8,17.7827941004,-16.7827941004,999.941296339,6.24787015217
0.8,18.8364908949,-17.8364908949,1068.8185848,6.3046573375
0.8,19.9526231497,-18.9526231497,1143.03946837,6.36529765643
0.8,21.1348903984,-20.1348903984,1223.04152072,6.42981816992
0.8,22.3872113857,-21.3872113857,1309.29938504,6.49825058343
0.8,23.7137370566,-22.7137370566,1402.32798147,6.57063118273
0.8,25.1188643151,-24.1188643151,1502.68599612,6.64700077938
0.8,26.607250598,-25.607250598,1610.97967626,6.72740466543
0.8,28.1838293126,-27.1838293126,1727.86695915,6.81189257691
0.8,29.8538261892,-28.8538261892,1854.06196379,6.90051866584
0.8,31.6227766017,-30.6227766017,1990.33987797,6.99334148027
0.8,33.4965439158,-32.4965439158,2137.54227567,7.09042395221
0.8,35.4813389234,-34.4813389234,2296.58290289,7.19183339304
0.8,37.5837404288,-36.5837404288,2468.45397362,7.29764149619
0.8,39.8107170553,-38.8107170553,2654.23302126,7.40792434686
0.8,42.1696503429,-41.1696503429,2855.09035483,7.52276243858
0.8,44.6683592151,-43.6683592151,3072.29717369,7.64224069635
0.8,47.3151258961,-46.3151258961,3307.23439954,7.76644850622
0.8,50.1187233627,-49.1187233627,3561.40228922,7.89547975125
0.8,53.0884444231,-52.0884444231,3836.43089812,8.02943285347
0.8,56.234132519,-55.234132519,4134.09146973,8.16841082205
0.8,59.5662143529,-58.5662143529,4456.30883397,8.31252130719
0.8,63.095734448,-62.095734448,4805.17490405,8.46187666002
0.8,66.8343917569,-65.8343917569,5182.96336992,8.61659399812
0.8,70.7945784384,-69.7945784384,5592.14569494,8.77679527679
0.8,74.9894209332,-73.9894209332,6035.40853203,8.94260736592
0.8,79.4328234724,-78.4328234724,6515.67268589,9.11416213244
0.8,84.1395141645,-83.1395141645,7036.11375939,9.29159652837
0.8,89.1250938134,-88.1250938134,7600.18463442,9.47505268436
0.8,94.4060876286,-93.4060876286,8211.63995099,9.66467800878
0.8,100,-99,8874.56276314,9.86062529238
0.8,105.925372518,-104.925372518,9593.3935661,10.0630528184
0.8,112.20184543,-111.20184543,10372.9619067,10.2721244784
0.8,118.850222744,-117.850222744,11218.5208079,10.4880098936
0.8,125.892541179,-124.892541179,12135.784259,10.7108845416
0.8,133.352143216,-132.352143216,13130.9680459,10.9409298895
0.8,141.253754462,-140.253754462,14210.8342202,11.178333532
0.8,149.623565609,-148.623565609,15382.7395325,11.4232893357
0.8,158.489319246,-157.489319246,16654.6881848,11.6759975891
0.8,167.880401812,-166.880401812,18035.3892888,11.936665159
0.8,177.827941004,-176.827941004,19534.3194515,12.2055056523
0.8,188.364908949,-187.364908949,21161.7909469,12.4827395842
0.8,199.526231497,-198.526231497,22929.0259742,12.7685945531
0.8,211.348903984,-210.348903984,24848.2375485,13.0633054212
0.8,223.872113857,-222.872113857,26932.7176174,13.3671145019
0.8,237.137370566,-236.137370566,29196.9330515,13.6802717541
0.8,251.188643151,-250.188643151,31656.6302147,14.0030349823
0.8,266.07250598,-265.07250598,34328.9488833,14.3356700447
0.8,281.838293126,-280.838293126,37232.5463524,14.6784510679
0.8,298.538261892,-297.538261892,40387.7326432,15.0316606682
0.8,316.227766017,-315.227766017,43816.6178066,15.3955901815
0.8,334.965439158,-333.965439158,47543.2724084,15.7705398994
0.8,354.813389234,-353.813389234,51593.9023795,16.1568193137
0.8,375.837404288,-374.837404288,55997.039519,16.5547473692
0.8,398.107170553,-397.107170553,60783.7490558,16.9646527233
0.8,421.696503429,-420.696503429,65987.8557997,17.3868740152
0.8,446.683592151,-445.683592151,71646.1905512,17.8217601428
0.8,473.151258961,-472.151258961,77798.8585878,18.2696705486
0.8,501.187233627,-500.187233627,84489.5322106,18.7309755144
0.8,530.884444231,-529.884444231,91765.7695116,19.2060564652
0.8,562.34132519,-561.34132519,99679.3617155,19.6953062827
0.8,595.662143529,-594.662143529,108286.711665,20.1991296281
0.8,630.95734448,-629.95734448,117649.246246,20.7179432749
0.8,668.343917569,-667.343917569,127833.865802,21.2521764521
0.8,707.945784384,-706.945784384,138913.43386,21.8022711978
0.8,749.894209332,-748.894209332,150967.3108,22.3686827231
0.8,794.328234724,-793.328234724,164081.935398,22.9518797877
0.8,841.395141645,-840.395141645,178351.458571,23.5523450864
0.8,891.250938134,-890.250938134,193878.433988,24.1705756473
0.8,944.060876286,-943.060876286,210774.570691,24.8070832419
0.8,1000,-999,229161.553272,25.4623948079
0.9,0.001,0.999,3.61419741091,401.577490102
0.9,0.00105925372518,0.998940746275,3.61503515778,379.201473207
0.9,0.0011220184543,0.998877981546,3.61592231432,358.077128317
0.9,0.00118850222744,0.998811497773,3.61686178048,338.134436678
0.9,0.00125892541179,0.998741074588,3.61785662473,319.307296246
0.9,0.00133352143216,0.998666478568,3.61891009364,301.53330259
0.9,0.00141253754462,0.998587462455,3.62002562196,284.753542047
0.9,0.00149623565609,0.998503764344,3.62120684332,268.912396443
0.9,0.00158489319246,0.998415106808,3.62245760145,253.957358745
0.9,0.00167880401812,0.998321195982,3.62378196202,239.83885902
0.9,0.00177827941004,0.99822172059,3.62518422508,226.510100132
0.9,0.00188364908949,0.998116350911,3.6266689382,213.926902629
0.9,0.00199526231497,0.998004737685,3.6282409103,202.047558307
0.9,0.00211348903984,0.99788651096,3.62990522615,190.832691963
0.9,0.00223872113857,0.997761278861,3.63166726171,180.245130884
0.9,0.00237137370566,0.997628626294,3.63353270012,170.249781637
0.9,0.00251188643151,0.997488113568,3.6355075487,160.813513749
0.9,0.0026607250598,0.99733927494,3.63759815658,151.90504989
0.9,0.00281838293126,0.997181617069,3.63981123343,143.494862212
0.9,0.00298538261892,0.997014617381,3.64215386895,135.555074466
0.9,0.00316227766017,0.99683772234,3.64463355342,128.059369616
0.9,0.00334965439158,0.996650345608,3.64725819918,120.982902606
0.9,0.00354813389234,0.996451866108,3.6500361632,114.302218009
0.9,0.00375837404288,0.996241625957,3.65297627064,107.99517229
0.9,0.00398107170553,0.996018928294,3.65608783961,102.040860408
0.9,0.00421696503429,0.995783034966,3.65938070695,96.4195465273
0.9,0.00446683592151,0.995533164078,3.6628652553,91.1125986085
0.9,0.00473151258961,0.99526848741,3.6665524413,86.1024266518
0.9,0.00501187233627,0.994988127664,3.67045382503,81.3724243992
0.9,0.00530884444231,0.994691155558,3.67458160081,76.9069142958
0.9,0.0056234132519,0.994376586748,3.67894862917,72.6910955315
0.9,0.00595662143529,0.994043378565,3.68356847026,68.7109949878
0.9,0.0063095734448,0.993690426555,3.68845541861,64.9534209295
0.9,0.00668343917569,0.993316560824,3.69362453925,61.4059192872
0.9,0.00707945784384,0.992920542156,3.69909170523,58.0567323848
0.9,0.00749894209332,0.992501057907,3.70487363667,54.8947599772
0.9,0.00794328234724,0.992056717653,3.71098794117,51.9095224667
0.9,0.00841395141645,0.991586048584,3.71745315581,49.0911261785
0.9,0.00891250938134,0.991087490619,3.7242887905,46.4302305788
0.9,0.00944060876286,0.990559391237,3.73151537305,43.9180173273
0.9,0.01,0.99,3.73915449562,41.5461610624
0.9,0.0105925372518,0.989407462748,3.74722886278,39.3068018205
0.9,0.011220184543,0.988779815457,3.75576234119,37.1925189999
0.9,0.0118850222744,0.988114977726,3.76478001074,35.1963067822
0.9,0.0125892541179,0.987410745882,3.77430821748,33.31155093
0.9,0.0133352143216,0.986664785678,3.78437462802,31.5320068833
0.9,0.0141253754462,0.985874624554,3.79500828569,29.851779084
0.9,0.0149623565609,0.985037643439,3.80623966834,28.2653014571
0.9,0.0158489319246,0.984151068075,3.81810074793,26.7673189875
0.9,0.0167880401812,0.983211959819,3.83062505188,25.3528703273
0.9,0.0177827941004,0.9822172059,3.84384772627,24.0172713802
0.9,0.0188364908949,0.981163509105,3.85780560101,22.7560998049
0.9,0.0199526231497,0.98004737685,3.87253725707,21.5651803888
0.9,0.0211348903984,0.978865109602,3.88808309581,20.4405712415
0.9,0.0223872113857,0.977612788614,3.90448541074,19.3785507641
0.9,0.0237137370566,0.976286262943,3.92178846167,18.3756053497
0.9,0.0251188643151,0.974881135685,3.94003855175,17.4284177745
0.9,0.026607250598,0.973392749402,3.95928410728,16.5338562413
0.9,0.0281838293126,0.971816170687,3.97957576106,15.6889640388
0.9,0.0298538261892,0.970146173811,4.00096643918,14.8909497817
0.9,0.0316227766017,0.968377223398,4.02351145199,14.1371782001
0.9,0.0334965439158,0.966503456084,4.04726858954,13.4251614459
0.9,0.0354813389234,0.964518661077,4.0722982221,12.7525508891
0.9,0.0375837404288,0.962416259571,4.09866340636,12.1171293744
0.9,0.0398107170553,0.960189282945,4.12642999789,11.5168039136
0.9,0.0421696503429,0.957830349657,4.15566677081,10.9495987887
0.9,0.0446683592151,0.955331640785,4.1864455453,10.4136490419
0.9,0.0473151258961,0.952684874104,4.21884132401,9.90719433235
0.9,0.0501187233627,0.949881276637,4.25293243833,9.42857313589
0.9,0.0530884444231,0.946911555577,4.28880070562,8.97621727127
0.9,0.056234132519,0.943765867481,4.32653159871,8.54864673208
0.9,0.0595662143529,0.940433785647,4.36621442877,8.14446480779
0.9,0.063095734448,0.936904265552,4.40794254317,7.76235347715
0.9,0.0668343917569,0.933165608243,4.45181353969,7.40106905819
0.9,0.0707945784384,0.929205421562,4.49792949876,7.05943810008
0.9,0.0749894209332,0.925010579067,4.54639723549,6.73635350295
0.9,0.0794328234724,0.920567176528,4.59732857319,6.4307708524
0.9,0.0841395141645,0.915860485835,4.65084064054,6.14170495638
0.9,0.0891250938134,0.910874906187,4.70705619429,5.8682265727
0.9,0.0944060876286,0.905593912371,4.76610396983,5.60945931625
0.9,0.1,0.9,4.82811906191,5.36457673546
0.9,0.105925372518,0.894074627482,4.89324333801,5.13279954841
0.9,0.11220184543,0.88779815457,4.96162588704,4.91339302943
0.9,0.118850222744,0.881149777256,5.03342350606,4.7056645376
0.9,0.125892541179,0.874107458821,5.10880122821,4.50896117907
0.9,0.133352143216,0.866647856784,5.18793289485,4.32266759584
0.9,0.141253754462,0.858746245538,5.27100177541,4.14620387376
0.9,0.149623565609,0.850376434391,5.35820123862,3.97902356327
0.9,0.158489319246,0.841510680754,5.44973547902,3.82061180662
0.9,0.167880401812,0.832119598188,5.54582030291,3.67048356584
0.9,0.177827941004,0.822172058996,5.6466839784,3.52818194594
0.9,0.188364908949,0.811635091051,5.75256815433,3.39327660834
0.9,0.199526231497,0.800473768503,5.8637288534,3.26536226975
0.9,0.211348903984,0.788651096016,5.98043754532,3.1440572819
0.9,0.223872113857,0.776127886143,6.10298230602,3.0290022881
0.9,0.237137370566,0.762862629434,6.2316690698,2.91985895251
0.9,0.251188643151,0.748811356849,6.36682298162,2.81630875848
0.9,0.26607250598,0.73392749402,6.50878985756,2.71805187236
0.9,0.281838293126,0.718161706874,6.65793776198,2.62480606959
0.9,0.298538261892,0.701461738108,6.81465871086,2.53630571977
0.9,0.316227766017,0.683772233983,6.97937051143,2.45230082782
0.9,0.334965439158,0.665034560842,7.15251874927,2.3725561284
0.9,0.354813389234,0.645186610766,7.33457893488,2.2968502309
0.9,0.375837404288,0.624162595712,7.52605882291,2.2249748124
0.9,0.398107170553,0.601892829447,7.72750091835,2.15673385625
0.9,0.421696503429,0.578303496571,7.93948518521,2.09194293386
0.9,0.446683592151,0.553316407849,8.16263197458,2.03042852754
0.9,0.473151258961,0.526848741039,8.39760519055,1.97202739234
0.9,0.501187233627,0.498812766373,8.64511571399,1.91658595474
0.9,0.530884444231,0.469115555769,8.90592510596,1.86395974632
0.9,0.56234132519,0.43765867481,9.18084961443,1.81401287067
0.9,0.595662143529,0.404337856471,9.47076451011,1.76661750158
0.9,0.63095734448,0.36904265552,9.77660877942,1.7216534111
0.9,0.668343917569,0.331656082431,10.0993902051,1.67900752552
0.9,0.707945784384,0.292054215616,10.4401908675,1.63857350816
0.9,0.749894209332,0.250105790668,10.8001731029,1.60025136708
0.9,0.794328234724,0.205671765276,11.1805859572,1.5639470867
0.9,0.841395141645,0.158604858355,11.5827721797,1.52957228172
0.9,0.891250938134,0.108749061866,12.0081758,1.49704387223
0.9,0.944060876286,0.0559391237141,12.4583503419,1.4662837788
0.9,1,0,12.9349677272,1.43721863636
0.9,1.05925372518,-0.0592537251773,13.4398279291,1.40977952576
0.9,1.1220184543,-0.122018454302,13.9748694408,1.38390172216
0.9,1.18850222744,-0.188502227437,14.5421806301,1.35952445901
0.9,1.25892541179,-0.258925411794,15.1440120551,1.33659070693
0.9,1.33352143216,-0.333521432163,15.7827898267,1.31504696646
0.9,1.41253754462,-0.412537544623,16.4611301074,1.29484307397
0.9,1.49623565609,-0.496235656094,17.181854846,1.27593201987
0.9,1.58489319246,-0.584893192461,17.9480088545,1.25826977839
0.9,1.67880401812,-0.678804018123,18.7628783466,1.2418151483
0.9,1.77827941004,-0.778279410039,19.6300110623,1.22652960381
0.9,1.88364908949,-0.88364908949,20.55323812,1.21237715516
0.9,1.99526231497,-0.995262314969,21.5366977441,1.1993242182
0.9,2.11348903984,-1.11348903984,22.584861035,1.18733949247
0.9,2.23872113857,-1.23872113857,23.7025599583,1.17639384726
0.9,2.37137370566,-1.37137370566,24.8950177478,1.16646021523
0.9,2.51188643151,-1.51188643151,26.1678819348,1.15751349294
0.9,2.6607250598,-1.6607250598,27.5272602335,1.14953044815
0.9,2.81838293126,-1.81838293126,28.9797595331,1.14248963323
0.9,2.98538261892,-1.98538261892,30.5325282693,1.13637130448
0.9,3.16227766017,-2.16227766017,32.1933024742,1.1311573469
0.9,3.34965439158,-2.34965439158,33.9704558246,1.12683120417
0.9,3.54813389234,-2.54813389234,35.8730540449,1.12337781347
0.9,3.75837404288,-2.75837404288,37.9109140448,1.12078354488
0.9,3.98107170553,-2.98107170553,40.0946682116,1.11903614507
0.9,4.21696503429,-3.21696503429,42.4358343097,1.11812468511
0.9,4.46683592151,-3.46683592151,44.946891484,1.11803951198
0.9,4.73151258961,-3.73151258961,47.6413629059,1.11877220383
0.9,5.01187233627,-4.01187233627,50.5339056471,1.12031552851
0.9,5.30884444231,-4.30884444231,53.640408423,1.1226634054
0.9,5.6234132519,-4.6234132519,56.9780979004,1.12581087022
0.9,5.95662143529,-4.95662143529,60.5656543266,1.12975404271
0.9,6.3095734448,-5.3095734448,64.4233373082,1.13449009706
0.9,6.68343917569,-5.68343917569,68.5731226355,1.14001723485
0.9,7.07945784384,-6.07945784384,73.0388511345,1.14633466048
0.9,7.49894209332,-6.49894209332,77.846390612,1.15344255886
0.9,7.94328234724,-6.94328234724,83.0238120547,1.16134207533
0.9,8.41395141645,-7.41395141645,88.6015813498,1.17003529765
0.9,8.91250938134,-7.91250938134,94.6127679037,1.17952524001
0.9,9.44060876286,-8.44060876286,101.093271661,1.18981582886
0.9,10,-9,108.08207016,1.20091189066
0.9,10.5925372518,-9.59253725177,115.621487402,1.21281914127
0.9,11.220184543,-10.220184543,123.757486487,1.22554417703
0.9,11.8850222744,-10.8850222744,132.53998811,1.23909446744
0.9,12.5892541179,-11.5892541179,142.023217244,1.25347834937
0.9,13.3352143216,-12.3352143216,152.266080503,1.26870502274
0.9,14.1253754462,-13.1253754462,163.332576922,1.2847845476
0.9,14.9623565609,-13.9623565609,175.292245139,1.30172784262
0.9,15.8489319246,-14.8489319246,188.220650215,1.31954668484
0.9,16.7880401812,-15.7880401812,202.199913633,1.33825371084
0.9,17.7827941004,-16.7827941004,217.319290323,1.357862419
0.9,18.8364908949,-17.8364908949,233.675796917,1.37838717307
0.9,19.9526231497,-18.9526231497,251.374895799,1.39984320699
0.9,21.1348903984,-20.1348903984,270.531239931,1.42224663069
0.9,22.3872113857,-21.3872113857,291.269483897,1.44561443724
0.9,23.7137370566,-22.7137370566,313.72516706,1.46996451096
0.9,25.1188643151,-24.1188643151,338.045675291,1.49531563675
0.9,26.607250598,-25.607250598,364.39128829,1.5216875104
0.9,28.1838293126,-27.1838293126,392.936320149,1.54910075005
0.9,29.8538261892,-28.8538261892,423.870361492,1.5775769087
0.9,31.6227766017,-30.6227766017,457.399632292,1.60713848774
0.9,33.4965439158,-32.4965439158,493.748455249,1.63780895158
0.9,35.4813389234,-34.4813389234,533.160860529,1.66961274326
0.9,37.5837404288,-36.5837404288,575.902333623,1.70257530119
0.9,39.8107170553,-38.8107170553,622.261719134,1.73672307682
0.9,42.1696503429,-41.1696503429,672.553294453,1.77208355347
0.9,44.6683592151,-43.6683592151,727.119028555,1.80868526609
0.9,47.3151258961,-46.3151258961,786.331042476,1.84655782217
0.9,50.1187233627,-49.1187233627,850.594289556,1.88573192364
0.9,53.0884444231,-52.0884444231,920.349475148,1.92623938986
0.9,56.234132519,-55.234132519,996.076237238,1.96811318168
0.9,59.5662143529,-58.5662143529,1078.29661138,2.01138742657
0.9,63.095734448,-62.095734448,1167.57880544,2.05609744489
0.9,66.8343917569,-65.8343917569,1264.54131191,2.10227977721
0.9,70.7945784384,-69.7945784384,1369.85738813,2.1499722128
0.9,74.9894209332,-73.9894209332,1484.2599373,2.19921381921
0.9,79.4328234724,-78.4328234724,1608.5468264,2.25004497312
0.9,84.1395141645,-83.1395141645,1743.58668008,2.30250739222
0.9,89.1250938134,-88.1250938134,1890.32519334,2.3566441684
0.9,94.4060876286,-93.4060876286,2049.79200951,2.41249980212
0.9,100,-99,2223.10821424,2.47012023804
0.9,105.925372518,-104.925372518,2411.49450094,2.52955290191
0.9,112.20184543,-111.20184543,2616.2800678,2.59084673872
0.9,118.850222744,-117.850222744,2838.91231223,2.6540522523
0.9,125.892541179,-124.892541179,3080.9673942,2.71922154608
0.9,133.352143216,-132.352143216,3344.16174665,2.78640836543
0.9,141.253754462,-140.253754462,3630.36461805,2.85566814125
0.9,149.623565609,-148.623565609,3941.61173964,2.92705803512
0.9,158.489319246,-157.489319246,4280.12021878,3.00063698589
0.9,167.880401812,-166.880401812,4648.30476816,3.07646575775
0.9,177.827941004,-176.827941004,5048.79539132,3.15460698996
0.9,188.364908949,-187.364908949,5484.45665507,3.23512524804
0.9,199.526231497,-198.526231497,5958.4086917,3.31808707668
0.9,211.348903984,-210.348903984,6474.05008626,3.40356105432
0.9,223.872113857,-222.872113857,7035.08281858,3.49161784943
0.9,237.137370566,-236.137370566,7645.53944471,3.58233027851
0.9,251.188643151,-250.188643151,8309.81271904,3.67577336601
0.9,266.07250598,-265.07250598,9032.68787687,3.77202440599
0.9,281.838293126,-280.838293126,9819.37781633,3.87116302575
0.9,298.538261892,-297.538261892,10675.5614408,3.97327125143
0.9,316.227766017,-315.227766017,11607.4254459,4.07843357553
0.9,334.965439158,-333.965439158,12621.7098609,4.18673702663
0.9,354.813389234,-353.813389234,13725.7576822,4.29827124112
0.9,375.837404288,-374.837404288,14927.5689678,4.41312853715
0.9,398.107170553,-397.107170553,16235.8597929,4.53140399084
0.9,421.696503429,-420.696503429,17660.126505,4.65319551474
0.9,446.683592151,-445.683592151,19210.7157554,4.77860393873
0.9,473.151258961,-472.151258961,20898.9008255,4.90773309326
0.9,501.187233627,-500.187233627,22736.9648173,5.04068989519
0.9,530.884444231,-529.884444231,24738.2913224,5.1775844361
0.9,562.34132519,-561.34132519,26917.4632455,5.31853007334
0.9,595.662143529,-594.662143529,29290.3705152,5.4636435237
0.9,630.95734448,-629.95734448,31874.3274815,5.61304495997
0.9,668.343917569,-667.343917569,34688.2008735,5.7668581103
0.9,707.945784384,-706.945784384,37752.5492672,5.92521036057
0.9,749.894209332,-748.894209332,41089.7750992,6.08823285973
0.9,794.328234724,-793.328234724,44724.2903572,6.25606062834
0.9,841.395141645,-840.395141645,48682.6971772,6.42883267031
0.9,891.250938134,-890.250938134,52993.9846916,6.60669208788
0.9,944.060876286,-943.060876286,57689.7435889,6.78978620012
0.9,1000,-999,62804.3999834,6.97826666482
0.95,0.001,0.999,0.726496689101,80.7218543445
0.95,0.00105925372518,0.998940746275,0.72708402705,76.2679537456
0.95,0.0011220184543,0.998877981546,0.727705308035,72.0631153856
0.95,0.00118850222744,0.998811497773,0.728362443085,68.0934023299
0.95,0.00125892541179,0.998741074588,0.729057445062,64.3456570387
0.95,0.00133352143216,0.998666478568,0.729792433436,60.8074577609
0.95,0.00141253754462,0.998587462455,0.730569639235,57.4670773661
0.95,0.00149623565609,0.998503764344,0.731391410134,54.3134444805
0.95,0.00158489319246,0.998415106808,0.732260215704,51.3361067965
0.95,0.00167880401812,0.998321195982,0.733178652801,48.5251964352
0.95,0.00177827941004,0.99822172059,0.734149451098,45.8713972465
0.95,0.00188364908949,0.998116350911,0.735175478753,43.3659139389
0.95,0.00199526231497,0.998004737685,0.736259748198,41.0004429367
0.95,0.00211348903984,0.99788651096,0.737405422054,38.7671448678
0.95,0.00223872113857,0.997761278861,0.738615819146,36.6586185906
0.95,0.00237137370566,0.997628626294,0.73989442062,34.6678766758
0.95,0.00251188643151,0.997488113568,0.741244876146,32.7883222588
0.95,0.0026607250598,0.99733927494,0.742671010182,31.0137271897
0.95,0.00281838293126,0.997181617069,0.744176828312,29.3382114047
0.95,0.00298538261892,0.997014617381,0.745766523606,27.7562234543
0.95,0.00316227766017,0.99683772234,0.74744448302,26.2625221208
0.95,0.00334965439158,0.996650345608,0.749215293797,24.8521590659
0.95,0.00354813389234,0.996451866108,0.751083749861,23.5204624506
0.95,0.00375837404288,0.996241625957,0.753054858185,22.2630214731
0.95,0.00398107170553,0.996018928294,0.755133845118,21.0756717725
0.95,0.00421696503429,0.995783034966,0.757326162646,19.9544816523
0.95,0.00446683592151,0.995533164078,0.759637494589,18.8957390754
0.95,0.00473151258961,0.99526848741,0.762073762699,17.895939389
0.95,0.00501187233627,0.994988127664,0.764641132666,16.9517737387
0.95,0.00530884444231,0.994691155558,0.767346020013,16.0601181325
0.95,0.0056234132519,0.994376586748,0.77019509587,15.2180231189
0.95,0.00595662143529,0.994043378565,0.77319529264,14.4227040453
0.95,0.0063095734448,0.993690426555,0.776353809547,13.6715318633
0.95,0.00668343917569,0.993316560824,0.779678118075,12.9620244505
0.95,0.00707945784384,0.992920542156,0.783175967317,12.2918384209
0.95,0.00749894209332,0.992501057907,0.78685538925,11.6587613953
0.95,0.00794328234724,0.992056717653,0.790724703963,11.0607047061
0.95,0.00841395141645,0.991586048584,0.794792524879,10.495696513
0.95,0.00891250938134,0.991087490619,0.799067763999,9.96187530494
0.95,0.00944060876286,0.990559391237,0.803559637239,9.45748376831
0.95,0.01,0.99,0.808277669909,8.98086299898
0.95,0.0105925372518,0.989407462748,0.813231702397,8.53044703987
0.95,0.011220184543,0.988779815457,0.81843189616,8.10475772502
0.95,0.0118850222744,0.988114977726,0.823888740085,7.70239981293
0.95,0.0125892541179,0.987410745882,0.829613057324,7.32205639254
0.95,0.0133352143216,0.986664785678,0.83561601273,6.96248454635
0.95,0.0141253754462,0.985874624554,0.84190912097,6.62251125584
0.95,0.0149623565609,0.985037643439,0.848504255472,6.30102953528
0.95,0.0158489319246,0.984151068075,0.855413658318,5.99699478094
0.95,0.0167880401812,0.983211959819,0.862649951227,5.70942132292
0.95,0.0177827941004,0.9822172059,0.87022614776,5.4373791683
0.95,0.0188364908949,0.981163509105,0.878155666917,5.17999092422
0.95,0.0199526231497,0.98004737685,0.886452348252,4.9364288907
0.95,0.0211348903984,0.978865109602,0.895130468689,4.70591231328
0.95,0.0223872113857,0.977612788614,0.904204761185,4.48770478629
0.95,0.0237137370566,0.976286262943,0.91369043541,4.2811117981
0.95,0.0251188643151,0.974881135685,0.923603200617,4.08547841013
0.95,0.026607250598,0.973392749402,0.933959290867,3.90018706212
0.95,0.0281838293126,0.971816170687,0.944775492792,3.72465549625
0.95,0.0298538261892,0.970146173811,0.956069176071,3.55833479364
0.95,0.0316227766017,0.968377223398,0.967858326811,3.40070751676
0.95,0.0334965439158,0.966503456084,0.980161584015,3.25128595183
0.95,0.0354813389234,0.964518661077,0.992998279341,3.10961044586
0.95,0.0375837404288,0.962416259571,1.00638848036,2.97524783288
0.95,0.0398107170553,0.960189282945,1.02035303753,2.84778994481
0.95,0.0421696503429,0.957830349657,1.0349136351,2.72685220213
0.95,0.0446683592151,0.955331640785,1.05009284622,2.61207228033
0.95,0.0473151258961,0.952684874104,1.06591419247,2.50310884799
0.95,0.0501187233627,0.949881276637,1.08240220815,2.39964037284
0.95,0.0530884444231,0.946911555577,1.09958250955,2.30136399214
0.95,0.056234132519,0.943765867481,1.11748186963,2.20799444429
0.95,0.0595662143529,0.940433785647,1.13612829838,2.11926305824
0.95,0.063095734448,0.936904265552,1.15555112924,2.03491679808
0.95,0.0668343917569,0.933165608243,1.17578111211,1.95471735967
0.95,0.0707945784384,0.929205421562,1.19685051331,1.87844031705
0.95,0.0749894209332,0.925010579067,1.21879322299,1.80587431581
0.95,0.0794328234724,0.920567176528,1.24164487063,1.73682031117
0.95,0.0841395141645,0.915860485835,1.26544294915,1.67109084862
0.95,0.0891250938134,0.910874906187,1.29022694834,1.60850938475
0.95,0.0944060876286,0.905593912371,1.31603849828,1.54890964642
0.95,0.1,0.9,1.3429215236,1.49213502622
0.95,0.105925372518,0.894074627482,1.37092240943,1.4380380124
0.95,0.11220184543,0.88779815457,1.4000901799,1.38647965145
0.95,0.118850222744,0.881149777256,1.43047669034,1.33732904166
0.95,0.125892541179,0.874107458821,1.46213683424,1.29046285608
0.95,0.133352143216,0.866647856784,1.49512876615,1.24576489327
0.95,0.141253754462,0.858746245538,1.52951414189,1.20312565434
0.95,0.149623565609,0.850376434391,1.56535837759,1.16244194497
0.95,0.158489319246,0.841510680754,1.60273092899,1.12361650097
0.95,0.167880401812,0.832119598188,1.64170559281,1.08655763606
0.95,0.177827941004,0.822172058996,1.68236083207,1.05117891084
0.95,0.188364908949,0.811635091051,1.72478012734,1.01739882147
0.95,0.199526231497,0.800473768503,1.76905235613,0.985140507235
0.95,0.211348903984,0.788651096016,1.81527220293,0.954331475751
0.95,0.223872113857,0.776127886143,1.86354060234,0.92490334486
0.95,0.237137370566,0.762862629434,1.91396521829,0.896791600264
0.95,0.251188643151,0.748811356849,1.96666096238,0.869935367967
0.95,0.26607250598,0.73392749402,2.02175055469,0.844277200658
0.95,0.281838293126,0.718161706874,2.07936513077,0.819762877227
0.95,0.298538261892,0.701461738108,2.13964489877,0.796341214621
0.95,0.316227766017,0.683772233983,2.20273985095,0.773963891315
0.95,0.334965439158,0.665034560842,2.26881053449,0.752585281698
0.95,0.354813389234,0.645186610766,2.33802888647,0.732162300715
0.95,0.375837404288,0.624162595712,2.41057913881,0.712654258141
0.95,0.398107170553,0.601892829447,2.48665879907,0.694022721909
0.95,0.421696503429,0.578303496571,2.56647971378,0.676231389929
0.95,0.446683592151,0.553316407849,2.65026922147,0.659245969889
0.95,0.473151258961,0.526848741039,2.7382714032,0.643034066529
0.95,0.501187233627,0.498812766373,2.83074843904,0.627565075952
0.95,0.530884444231,0.469115555769,2.92798207977,0.61281008651
0.95,0.56234132519,0.43765867481,3.03027524389,0.598741785885
0.95,0.595662143529,0.404337856471,3.13795375083,0.585334373953
0.95,0.63095734448,0.36904265552,3.25136820222,0.572563481098
0.95,0.668343917569,0.331656082431,3.3708960243,0.560406091616
0.95,0.707945784384,0.292054215616,3.49694368552,0.548840471914
0.95,0.749894209332,0.250105790668,3.62994910457,0.537846103178
0.95,0.794328234724,0.205671765276,3.77038426578,0.52740361827
0.95,0.841395141645,0.158604858355,3.91875805986,0.517494742548
0.95,0.891250938134,0.108749061866,4.07561936987,0.508102238412
0.95,0.944060876286,0.0559391237141,4.24156042402,0.499209853301
0.95,1,0,4.41722043873,0.49080227097
0.95,1.05925372518,-0.0592537251773,4.60328957744,0.482865065809
0.95,1.1220184543,-0.122018454302,4.80051325311,0.475384660039
0.95,1.18850222744,-0.188502227437,5.00969680462,0.468348283614
0.95,1.25892541179,-0.258925411794,5.23171058013,0.461743936633
0.95,1.33352143216,-0.333521432163,5.46749546317,0.455560354154
0.95,1.41253754462,-0.412537544623,5.71806888084,0.449786973223
0.95,1.49623565609,-0.496235656094,5.98453133636,0.444413902017
0.95,1.58489319246,-0.584893192461,6.26807351278,0.439431890959
0.95,1.67880401812,-0.678804018123,6.56998399795,0.434832305686
0.95,1.77827941004,-0.778279410039,6.89165768612,0.430607101775
0.95,1.88364908949,-0.88364908949,7.23460491587,0.42674880111
0.95,1.99526231497,-0.995262314969,7.60046140973,0.423250469804
0.95,2.11348903984,-1.11348903984,7.99099908668,0.42010569758
0.95,2.23872113857,-1.23872113857,8.40813782469,0.417308578537
0.95,2.37137370566,-1.37137370566,8.85395825798,0.41485369321
0.95,2.51188643151,-1.51188643151,9.33071570066,0.41273609187
0.95,2.6607250598,-1.6607250598,9.84085529689,0.410951278973
0.95,2.81838293126,-1.81838293126,10.3870285066,0.409495198721
0.95,2.98538261892,-1.98538261892,10.9721110456,0.408364221652
0.95,3.16227766017,-2.16227766017,11.5992224092,0.407555132221
0.95,3.34965439158,-2.34965439158,12.2717471208,0.407065117313
0.95,3.54813389234,-2.54813389234,12.9933578584,0.406891755643
0.95,3.75837404288,-2.75837404288,13.7680406267,0.407033007998
0.95,3.98107170553,-2.98107170553,14.6001221571,0.407487208276
0.95,4.21696503429,-3.21696503429,15.4942997338,0.408253055294
0.95,4.46683592151,-3.46683592151,16.4556736627,0.409329605313
0.95,4.73151258961,-3.73151258961,17.4897826188,0.410716265265
0.95,5.01187233627,-4.01187233627,18.6026421282,0.412412786636
0.95,5.30884444231,-4.30884444231,19.8007864664,0.414419259984
0.95,5.6234132519,-4.6234132519,21.0913142749,0.416736110063
0.95,5.95662143529,-4.95662143529,22.4819382311,0.419364091528
0.95,6.3095734448,-5.3095734448,23.981039132,0.422304285205
0.95,6.68343917569,-5.68343917569,25.597724786,0.425558094886
0.95,7.07945784384,-6.07945784384,27.3418941438,0.429127244657
0.95,7.49894209332,-6.49894209332,29.224307135,0.433013776718
0.95,7.94328234724,-6.94328234724,31.2566607227,0.437220049684
0.95,8.41395141645,-7.41395141645,33.4516717302,0.441748737364
0.95,8.91250938134,-7.91250938134,35.8231670474,0.446602827986
0.95,9.44060876286,-8.44060876286,38.3861818764,0.451785623866
0.95,10,-9,41.157066736,0.457300741511
0.95,10.5925372518,-9.59253725177,44.1536040094,0.463152112137
0.95,11.220184543,-10.220184543,47.3951348904,0.469343982601
0.95,11.8850222744,-10.8850222744,50.9026976575,0.475880916729
0.95,12.5892541179,-11.5892541179,54.699178293,0.482767797049
0.95,13.3352143216,-12.3352143216,58.8094745523,0.490009826896
0.95,14.1253754462,-13.1253754462,63.2606746876,0.497612532915
0.95,14.9623565609,-13.9623565609,68.0822521423,0.50558176793
0.95,15.8489319246,-14.8489319246,73.3062776452,0.513923714186
0.95,16.7880401812,-15.7880401812,78.9676502662,0.522644886967
0.95,17.7827941004,-16.7827941004,85.1043491339,0.531752138571
0.95,18.8364908949,-17.8364908949,91.7577076674,0.541252662654
0.95,19.9526231497,-18.9526231497,98.9727123439,0.551153998936
0.95,21.1348903984,-20.1348903984,106.798328202,0.561464038263
0.95,22.3872113857,-21.3872113857,115.28785348,0.57219102804
0.95,23.7137370566,-22.7137370566,124.499306004,0.583343578014
0.95,25.1188643151,-24.1188643151,134.495844181,0.594930666425
0.95,26.607250598,-25.607250598,145.346225691,0.606961646522
0.95,28.1838293126,-27.1838293126,157.125307277,0.619446253438
0.95,29.8538261892,-28.8538261892,169.914589316,0.632394611439
0.95,31.6227766017,-30.6227766017,183.802809192,0.64581724154
0.95,33.4965439158,-32.4965439158,198.886587864,0.659725069493
0.95,35.4813389234,-34.4813389234,215.271134385,0.674129434162
0.95,37.5837404288,-36.5837404288,233.071013616,0.689042096267
0.95,39.8107170553,-38.8107170553,252.410982766,0.704475247527
0.95,42.1696503429,-41.1696503429,273.42690299,0.720441520189
0.95,44.6683592151,-43.6683592151,296.266732749,0.736953996956
0.95,47.3151258961,-46.3151258961,321.091610317,0.754026221321
0.95,50.1187233627,-49.1187233627,348.077033417,0.771672208314
0.95,53.0884444231,-52.0884444231,377.414144736,0.789906455659
0.95,56.234132519,-55.234132519,409.311132842,0.80874395537
0.95,59.5662143529,-58.5662143529,443.994758855,0.828200205769
0.95,63.095734448,-62.095734448,481.71202021,0.848291223953
0.95,66.8343917569,-65.8343917569,522.731963816,0.869033558713
0.95,70.7945784384,-69.7945784384,567.347662062,0.890444303908
0.95,74.9894209332,-73.9894209332,615.878366314,0.912541112317
0.95,79.4328234724,-78.4328234724,668.671853856,0.935342209967
0.95,84.1395141645,-83.1395141645,726.106985701,0.958866410958
0.95,89.1250938134,-88.1250938134,788.596494214,0.983133132785
0.95,94.4060876286,-93.4060876286,856.59002125,1.00816241218
0.95,100,-99,930.577429322,1.03397492147
0.95,105.925372518,-104.925372518,1011.09241039,1.06059198551
0.95,112.20184543,-111.20184543,1098.71641903,1.08803559911
0.95,118.850222744,-117.850222744,1194.08295919,1.1163284451
0.95,125.892541179,-124.892541179,1297.88225639,1.14549391288
0.95,133.352143216,-132.352143216,1410.86634992,1.17555611772
0.95,141.253754462,-140.253754462,1533.85464306,1.20653992046
0.95,149.623565609,-148.623565609,1667.73995236,1.23847094805
0.95,158.489319246,-157.489319246,1813.49510096,1.27137561459
0.95,167.880401812,-166.880401812,1972.18010499,1.30528114307
0.95,177.827941004,-176.827941004,2144.95000637,1.34021558783
0.95,188.364908949,-187.364908949,2333.06341022,1.37620785766
0.95,199.526231497,-198.526231497,2537.89179035,1.41328773961
0.95,211.348903984,-210.348903984,2760.92963196,1.45148592363
0.95,223.872113857,-222.872113857,3003.80548695,1.49083402781
0.95,237.137370566,-236.137370566,3268.29402401,1.53136462456
0.95,251.188643151,-250.188643151,3556.32916311,1.57311126743
0.95,266.07250598,-265.07250598,3870.01839196,1.61610851887
0.95,281.838293126,-280.838293126,4211.65837101,1.66039197879
0.95,298.538261892,-297.538261892,4583.7519429,1.70599831394
0.95,316.227766017,-315.227766017,4989.02667304,1.75296528824
0.95,334.965439158,-333.965439158,5430.455059,1.801331794
0.95,354.813389234,-353.813389234,5911.27655926,1.85113788407
0.95,375.837404288,-374.837404288,6435.02160498,1.90242480497
0.95,398.107170553,-397.107170553,7005.53777363,1.955235031
0.95,421.696503429,-420.696503429,7627.01831905,2.00961229938
0.95,446.683592151,-445.683592151,8304.03327038,2.06560164642
0.95,473.151258961,-472.151258961,9041.56333113,2.12324944481
0.95,501.187233627,-500.187233627,9845.03683074,2.18260344198
0.95,530.884444231,-529.884444231,10720.3700037,2.24371279961
0.95,562.34132519,-561.34132519,11674.010896,2.30662813433
0.95,595.662143529,-594.662143529,12712.9872254,2.3714015596
0.95,630.95734448,-629.95734448,13844.9585525,2.43808672887
0.95,668.343917569,-667.343917569,15078.2731504,2.50673888
0.95,707.945784384,-706.945784384,16422.0299964,2.57741488098
0.95,749.894209332,-748.894209332,17886.1463472,2.65017327698
0.95,794.328234724,-793.328234724,19481.4314021,2.72507433892
0.95,841.395141645,-840.395141645,21219.6665998,2.80218011326
0.95,891.250938134,-890.250938134,23113.6931499,2.88155447347
0.95,944.060876286,-943.060876286,25177.507449,2.96326317289
0.95,1000,-999,27426.3650924,3.04737389916
0.99,0.001,0.999,0.0338744223169,3.76382470188
0.99,0.00105925372518,0.998940746275,0.0342219332111,3.58973202838
0.99,0.0011220184543,0.998877981546,0.0345838986434,3.42477023447
0.99,0.00118850222744,0.998811497773,0.0349607717818,3.26842483615
0.99,0.00125892541179,0.998741074588,0.0353530144553,3.12021084049
0.99,0.00133352143216,0.998666478568,0.0357610974238,2.9796710975
0.99,0.00141253754462,0.998587462455,0.0361855006851,2.84637474065
0.99,0.00149623565609,0.998503764344,0.0366267138164,2.71991571108
0.99,0.00158489319246,0.998415106808,0.0370852363533,2.59991136099
0.99,0.00167880401812,0.998321195982,0.0375615782044,2.48600113195
0.99,0.00177827941004,0.99822172059,0.0380562601024,2.37784530419
0.99,0.00188364908949,0.998116350911,0.0385698140908,2.27512381308
0.99,0.00199526231497,0.998004737685,0.0391027840468,2.17753512928
0.99,0.00211348903984,0.99788651096,0.0396557262381,2.0847951994
0.99,0.00223872113857,0.997761278861,0.0402292099153,1.99663644382
0.99,0.00237137370566,0.997628626294,0.0408238179375,1.91280680898
0.99,0.00251188643151,0.997488113568,0.0414401474318,1.83306887127
0.99,0.0026607250598,0.99733927494,0.0420788104857,1.75719898983
0.99,0.00281838293126,0.997181617069,0.0427404348716,1.68498650601
0.99,0.00298538261892,0.997014617381,0.043425664804,1.61623298687
0.99,0.00316227766017,0.99683772234,0.044135161729,1.55075151071
0.99,0.00334965439158,0.996650345608,0.0448696051449,1.48836599241
0.99,0.00354813389234,0.996451866108,0.0456296934558,1.42891054661
0.99,0.00375837404288,0.996241625957,0.0464161448578,1.37222888669
0.99,0.00398107170553,0.996018928294,0.0472296982576,1.31817375797
0.99,0.00421696503429,0.995783034966,0.0480711142256,1.26660640307
0.99,0.00446683592151,0.995533164078,0.048941175983,1.21739605799
0.99,0.00473151258961,0.99526848741,0.0498406904261,1.17041947726
0.99,0.00501187233627,0.994988127664,0.0507704891872,1.12556048653
0.99,0.00530884444231,0.994691155558,0.0517314297349,1.08270956131
0.99,0.0056234132519,0.994376586748,0.0527243965162,1.04176343035
0.99,0.00595662143529,0.994043378565,0.0537503021419,1.00262470235
0.99,0.0063095734448,0.993690426555,0.0548100886181,0.965201514766
0.99,0.00668343917569,0.993316560824,0.0559047286271,0.929407203512
0.99,0.00707945784384,0.992920542156,0.0570352268608,0.8951599923
0.99,0.00749894209332,0.992501057907,0.0582026214098,0.862382700645
0.99,0.00794328234724,0.992056717653,0.0594079852124,0.831002469416
0.99,0.00841395141645,0.991586048584,0.060652427568,0.800950502933
0.99,0.00891250938134,0.991087490619,0.0619370957189,0.772161826695
0.99,0.00944060876286,0.990559391237,0.063263176507,0.744575059796
0.99,0.01,0.99,0.0646318981086,0.718132201207
0.99,0.0105925372518,0.989407462748,0.0660445318557,0.692778429085
0.99,0.011220184543,0.988779815457,0.067502394149,0.668461912351
0.99,0.0118850222744,0.988114977726,0.0690068484696,0.645133633807
0.99,0.0125892541179,0.987410745882,0.0705593074974,0.622747224086
0.99,0.0133352143216,0.986664785678,0.0721612353443,0.601258805811
0.99,0.0141253754462,0.985874624554,0.0738141499111,0.580626847305
0.99,0.0149623565609,0.985037643439,0.0755196253774,0.560812025312
0.99,0.0158489319246,0.984151068075,0.0772792948354,0.541777096141
0.99,0.0167880401812,0.983211959819,0.0790948530783,0.523486774742
0.99,0.0177827941004,0.9822172059,0.0809680595557,0.505907621207
0.99,0.0188364908949,0.981163509105,0.0829007415089,0.489007934248
0.99,0.0199526231497,0.98004737685,0.0848947973014,0.47275765121
0.99,0.0211348903984,0.978865109602,0.0869521999577,0.457128254216
0.99,0.0223872113857,0.977612788614,0.0890750009291,0.442092682065
0.99,0.0237137370566,0.976286262943,0.0912653341043,0.427625247511
0.99,0.0251188643151,0.974881135685,0.0935254200831,0.413701559601
0.99,0.026607250598,0.973392749402,0.0958575707357,0.400298450741
0.99,0.0281838293126,0.971816170687,0.0982641940695,0.387393908201
0.99,0.0298538261892,0.970146173811,0.10074779943,0.374967009779
0.99,0.0316227766017,0.968377223398,0.103311003059,0.362997863358
0.99,0.0334965439158,0.966503456084,0.105956534046,0.351467550113
0.99,0.0354813389234,0.964518661077,0.108687240699,0.340358071147
0.99,0.0375837404288,0.962416259571,0.111506097367,0.329652297317
0.99,0.0398107170553,0.960189282945,0.114416211764,0.319333922083
0.99,0.0421696503429,0.957830349657,0.117420832818,0.309387417156
0.99,0.0446683592151,0.955331640785,0.120523359104,0.299797990796
0.99,0.0473151258961,0.952684874104,0.123727347902,0.290551548576
0.99,0.0501187233627,0.949881276637,0.127036524933,0.28163465647
0.99,0.0530884444231,0.946911555577,0.130454794828,0.273034506108
0.99,0.056234132519,0.943765867481,0.133986252399,0.264738882078
0.99,0.0595662143529,0.940433785647,0.13763519477,0.256736131129
0.99,0.063095734448,0.936904265552,0.141406134447,0.249015133175
0.99,0.0668343917569,0.933165608243,0.145303813402,0.241565273976
0.99,0.0707945784384,0.929205421562,0.149333218265,0.234376419399
0.99,0.0749894209332,0.925010579067,0.153499596708,0.227438891154
0.99,0.0794328234724,0.920567176528,0.157808475129,0.220743443929
0.99,0.0841395141645,0.915860485835,0.162265677744,0.214281243818
0.99,0.0891250938134,0.910874906187,0.16687734722,0.208043847984
0.99,0.0944060876286,0.905593912371,0.171649966953,0.202023185468
0.99,0.1,0.9,0.176590385168,0.196211539075
0.99,0.105925372518,0.894074627482,0.181705840971,0.190601528281
0.99,0.11220184543,0.88779815457,0.187003992537,0.185186093092
0.99,0.118850222744,0.881149777256,0.19249294761,0.1799584788
0.99,0.125892541179,0.874107458821,0.198181296522,0.17491222158
0.99,0.133352143216,0.866647856784,0.204078147949,0.170041134887
0.99,0.141253754462,0.858746245538,0.210193167636,0.165339296594
0.99,0.149623565609,0.850376434391,0.216536620362,0.160801036833
0.99,0.158489319246,0.841510680754,0.223119415412,0.1564209265
0.99,0.167880401812,0.832119598188,0.22995315588,0.152193766381
0.99,0.177827941004,0.822172058996,0.237050192127,0.148114576864
0.99,0.188364908949,0.811635091051,0.24442367976,0.144178588207
0.99,0.199526231497,0.800473768503,0.252087642529,0.140381231323
0.99,0.211348903984,0.788651096016,0.260057040587,0.136718129062
0.99,0.223872113857,0.776127886143,0.268347844557,0.133185087947
0.99,0.237137370566,0.762862629434,0.276977115947,0.129778090361
0.99,0.251188643151,0.748811356849,0.285963094458,0.126493287131
0.99,0.26607250598,0.73392749402,0.295325292794,0.123326990516
0.99,0.281838293126,0.718161706874,0.305084599637,0.120275667556
0.99,0.298538261892,0.701461738108,0.315263391515,0.117335933766
0.99,0.316227766017,0.683772233983,0.325885654347,0.114504547168
0.99,0.334965439158,0.665034560842,0.336977115515,0.111778402626
0.99,0.354813389234,0.645186610766,0.348565387408,0.109154526478
0.99,0.375837404288,0.624162595712,0.360680123453,0.106630071449
0.99,0.398107170553,0.601892829447,0.373353187728,0.104202311824
0.99,0.421696503429,0.578303496571,0.386618839388,0.101868638871
0.99,0.446683592151,0.553316407849,0.400513933196,0.0996265565042
0.99,0.473151258961,0.526848741039,0.415078137617,0.09747367717
0.99,0.501187233627,0.498812766373,0.430354172008,0.095407717944
0.99,0.530884444231,0.469115555769,0.44638806463,0.0934264968333
0.99,0.56234132519,0.43765867481,0.463229433332,0.0915279292688
0.99,0.595662143529,0.404337856471,0.480931790916,0.0897100247813
0.99,0.63095734448,0.36904265552,0.499552877392,0.0879708838503
0.99,0.668343917569,0.331656082431,0.519155021534,0.0863086949178
0.99,0.707945784384,0.292054215616,0.539805534328,0.0847217315593
0.99,0.749894209332,0.250105790668,0.56157713718,0.0832083498048
0.99,0.794328234724,0.205671765276,0.584548427986,0.0817669856017
0.99,0.841395141645,0.158604858355,0.608804388434,0.0803961524142
0.99,0.891250938134,0.108749061866,0.634436936252,0.0790944389517
0.99,0.944060876286,0.0559391237141,0.661545526384,0.0778605070219
0.99,1,0,0.690237805516,0.0766930895018
0.99,1.05925372518,-0.0592537251773,0.720630324681,0.0755909884219
0.99,1.1220184543,-0.122018454302,0.752849315183,0.074553073159
0.99,1.18850222744,-0.188502227437,0.787031533479,0.0735782787323
0.99,1.25892541179,-0.258925411794,0.823325181214,0.0726656041998
0.99,1.33352143216,-0.333521432163,0.861890907141,0.0718141111491
0.99,1.41253754462,-0.412537544623,0.902902898252,0.0710229222806
0.99,1.49623565609,-0.496235656094,0.946550068133,0.070291220079
0.99,1.58489319246,-0.584893192461,0.99303735125,0.0696182455683
0.99,1.67880401812,-0.678804018123,1.04258711268,0.0690032971502
0.99,1.77827941004,-0.778279410039,1.09544068359,0.0684457295199
0.99,1.88364908949,-0.88364908949,1.15186003389,0.0679449526583
0.99,1.99526231497,-0.995262314969,1.21212959412,0.0675004308973
0.99,2.11348903984,-1.11348903984,1.27655824025,0.067111682057
0.99,2.23872113857,-1.23872113857,1.34548145581,0.0667782766502
0.99,2.37137370566,-1.37137370566,1.41926368734,0.0664998371547
0.99,2.51188643151,-1.51188643151,1.49830091058,0.0662760373498
0.99,2.6607250598,-1.6607250598,1.58302342622,0.0661066017153
0.99,2.81838293126,-1.81838293126,1.67389890589,0.0659913048925
0.99,2.98538261892,-1.98538261892,1.77143571088,0.065929971204
0.99,3.16227766017,-2.16227766017,1.8761865081,0.0659224742318
0.99,3.34965439158,-2.34965439158,1.98875220989,0.0659687364525
0.99,3.54813389234,-2.54813389234,2.10978626699,0.0660687289278
0.99,3.75837404288,-2.75837404288,2.23999934622,0.0662224710492
0.99,3.98107170553,-2.98107170553,2.38016442753,0.0664300303363
0.99,4.21696503429,-3.21696503429,2.53112235814,0.0666915222878
0.99,4.46683592151,-3.46683592151,2.69378790489,0.0670071102833
0.99,4.73151258961,-3.73151258961,2.86915634952,0.0673770055366
0.99,5.01187233627,-4.01187233627,3.0583106758,0.0678014670988
0.99,5.30884444231,-4.30884444231,3.26242940168,0.068280801911
0.99,5.6234132519,-4.6234132519,3.48279511451,0.0688153649057
0.99,5.95662143529,-4.95662143529,3.72080377264,0.0694055591573
0.99,6.3095734448,-5.3095734448,3.9779748422,0.0700518360798
0.99,6.68343917569,-5.68343917569,4.25596234436,0.0707546956736
0.99,7.07945784384,-6.07945784384,4.55656689492,0.0715146868185
0.99,7.49894209332,-6.49894209332,4.8817488256,0.0723324076153
0.99,7.94328234724,-6.94328234724,5.23364248421,0.0732085057735
0.99,8.41395141645,-7.41395141645,5.6145718201,0.0741436790476
0.99,8.91250938134,-7.91250938134,6.02706737025,0.0751386757193
0.99,9.44060876286,-8.44060876286,6.47388477236,0.0761942951277
0.99,10,-9,6.95802494222,0.0773113882469
0.99,10.5925372518,-9.59253725177,7.48275606527,0.0784908583113
0.99,11.220184543,-10.220184543,8.05163756568,0.0797336614881
0.99,11.8850222744,-10.8850222744,8.668546231,0.0810408075988
0.99,12.5892541179,-11.5892541179,9.33770468647,0.0824133608887
0.99,13.3352143216,-12.3352143216,10.0637124306,0.0838524408453
0.99,14.1253754462,-13.1253754462,10.8515796625,0.0853592230663
0.99,14.9623565609,-13.9623565609,11.7067641528,0.0869349401773
0.99,15.8489319246,-14.8489319246,12.6352114319,0.0885808827999
0.99,16.7880401812,-15.7880401812,13.6433985938,0.0902984005712
0.99,17.7827941004,-16.7827941004,14.7383820431,0.0920889032143
0.99,18.8364908949,-17.8364908949,15.9278495377,0.0939538616624
0.99,19.9526231497,-18.9526231497,17.220176916,0.0958948092347
0.99,21.1348903984,-20.1348903984,18.6244899304,0.0979133428678
0.99,22.3872113857,-21.3872113857,20.150731646,0.100011124401
0.99,23.7137370566,-22.7137370566,21.8097359069,0.102189881918
0.99,25.1188643151,-24.1188643151,23.6133074168,0.104451411146
0.99,26.607250598,-25.607250598,25.5743090288,0.10679757691
0.99,28.1838293126,-27.1838293126,27.7067568947,0.10923031465
0.99,29.8538261892,-28.8538261892,30.0259241819,0.111751631997
0.99,31.6227766017,-30.6227766017,32.5484541298,0.114363610408
0.99,33.4965439158,-32.4965439158,35.2924832865,0.117068406869
0.99,35.4813389234,-34.4813389234,38.2777758448,0.119868255653
0.99,37.5837404288,-36.5837404288,41.5258700752,0.122765470154
0.99,39.8107170553,-38.8107170553,45.0602379486,0.125762444782
0.99,42.1696503429,-41.1696503429,48.9064591356,0.128861656923
0.99,44.6683592151,-43.6683592151,53.0924106777,0.13206566898
0.99,47.3151258961,-46.3151258961,57.6484737448,0.13537713047
0.99,50.1187233627,-49.1187233627,62.6077590159,0.13879878021
0.99,53.0884444231,-52.0884444231,68.0063523637,0.142333448566
0.99,56.234132519,-55.234132519,73.8835826723,0.145984059784
0.99,59.5662143529,-58.5662143529,80.2823137819,0.149753634401
0.99,63.095734448,-62.095734448,87.2492627362,0.153645291731
0.99,66.8343917569,-65.8343917569,94.8353467027,0.157662252439
0.99,70.7945784384,-69.7945784384,103.096061149,0.161807841196
0.99,74.9894209332,-73.9894209332,112.091892097,0.166085489426
0.99,79.4328234724,-78.4328234724,121.888765516,0.170498738134
0.99,84.1395141645,-83.1395141645,132.558537217,0.175051240832
0.99,89.1250938134,-88.1250938134,144.179526888,0.179746766557
0.99,94.4060876286,-93.4060876286,156.83710025,0.184589202984
0.99,100,-99,170.624303675,0.189582559639
0.99,105.925372518,-104.925372518,185.642555998,0.194730971212
0.99,112.20184543,-111.20184543,202.002402665,0.200038700978
0.99,118.850222744,-117.850222744,219.824337855,0.205510144319
0.99,125.892541179,-124.892541179,239.239700687,0.211149832359
0.99,133.352143216,-132.352143216,260.391652199,0.216962435714
0.99,141.253754462,-140.253754462,283.436240381,0.222952768355
0.99,149.623565609,-148.623565609,308.543561197,0.22912579159
0.99,158.489319246,-157.489319246,335.899024246,0.235486618169
0.99,167.880401812,-166.880401812,365.704732507,0.242040516515
0.99,177.827941004,-176.827941004,398.180986436,0.248792915087
0.99,188.364908949,-187.364908949,433.567923645,0.255749406868
0.99,199.526231497,-198.526231497,472.127306366,0.262915753997
0.99,211.348903984,-210.348903984,514.14447004,0.270297892542
0.99,223.872113857,-222.872113857,559.930447551,0.277901937407
0.99,237.137370566,-236.137370566,609.824284935,0.285734187403
0.99,251.188643151,-250.188643151,664.195565841,0.293801130457
0.99,266.07250598,-265.07250598,723.447163546,0.302109448985
0.99,281.838293126,-280.838293126,788.018241055,0.31066602543
0.99,298.538261892,-297.538261892,858.387521651,0.319477947953
0.99,316.227766017,-315.227766017,935.076854269,0.328552516311
0.99,334.965439158,-333.965439158,1018.65510029,0.337897247897
0.99,354.813389234,-353.813389234,1109.74237071,0.347519883968
0.99,375.837404288,-374.837404288,1209.01464533,0.357428396055
0.99,398.107170553,-397.107170553,1317.20880833,0.367630992568
0.99,421.696503429,-420.696503429,1435.12813783,0.378136125589
0.99,446.683592151,-445.683592151,1563.64829035,0.388952497878
0.99,473.151258961,-472.151258961,1703.72382484,0.400089070079
0.99,501.187233627,-500.187233627,1856.39531479,0.411555068143
0.99,530.884444231,-529.884444231,2022.79710163,0.423359990968
0.99,562.34132519,-561.34132519,2204.16574712,0.435513618268
0.99,595.662143529,-594.662143529,2401.84924778,0.448026018677
0.99,630.95734448,-629.95734448,2617.31708009,0.460907558084
0.99,668.343917569,-667.343917569,2852.1711514,0.474168908223
0.99,707.945784384,-706.945784384,3108.15773807,0.487821055515
0.99,749.894209332,-748.894209332,3387.18050009,0.501875310163
0.99,794.328234724,-793.328234724,3691.31466901,0.516343315528
0.99,841.395141645,-840.395141645,4022.82251521,0.531237057768
0.99,891.250938134,-890.250938134,4384.17020958,0.546568875772
0.99,944.060876286,-943.060876286,4778.04620566,0.56235147138
0.99,1000,-999,5207.38127915,0.578597919905
