b,T1=9b,T_alpha=27h(b/3)
0.1,0.9,5.72811906191016
0.101160864324958,0.910447778924623,5.75137046329579
0.102335204709726,0.921016842387532,5.77486929507879
0.103523177593074,0.931708598337665,5.79861815454634
0.104724941229815,0.942524471068334,5.82261966729814
0.105940655711885,0.953465901406966,5.84687648759377
0.107170482989671,0.96453434690704,5.8713912987047
0.108414586893583,0.975731282042251,5.89616681327125
0.109673133155882,0.987058198402936,5.92120577366448
0.110946289432752,0.99851660489477,5.94651095235297
0.112234225326642,1.01010802793978,5.97208515227476
0.113537112408852,1.02183401167967,5.99793120721438
0.114855124242394,1.03369611818154,6.02405198218505
0.11618843640511,1.04569592764599,6.05045037381613
0.117537226513064,1.05783503861757,6.07712931074601
0.118901674244199,1.07011506819779,6.10409175402024
0.120281961362278,1.0825376522605,6.13134069749531
0.121678271741092,1.09510444566983,6.15887916824783
0.12309079138896,1.10781712250064,6.18671022698945
0.124519708473503,1.12067737626153,6.21483696848744
0.125965213346714,1.13368692012043,6.243262521991
0.127427498570313,1.14684748713282,6.27199005166354
0.128906758941403,1.16016083047262,6.30102275702079
0.130403191518413,1.17362872366572,6.33036387337497
0.131916995647357,1.18725296082621,6.36001667228504
0.133448372988384,1.20103535689545,6.38998446201318
0.134997527542643,1.21497774788379,6.42027058798745
0.136564665679461,1.22908199111515,6.45087843327082
0.138149996163832,1.24334996547449,6.4818114190367
0.139753730184229,1.25778357165806,6.51307300505085
0.141376081380736,1.27238473242662,6.54466669016003
0.143017265873509,1.28715539286158,6.57659601278725
0.144677502291565,1.30209752062408,6.60886455143385
0.146357011801908,1.31721310621717,6.6414759251884
0.148056018138991,1.33250416325092,6.67443379424264
0.14977474763452,1.34797272871068,6.70774186041443
0.151513429247605,1.36362086322845,6.7414038676778
0.153272294595261,1.37945065135735,6.77542360270039
0.155051577983262,1.39546420184936,6.80980489538812
0.156851516437355,1.41166364793619,6.84455161943731
0.158672349734832,1.42805114761349,6.87966769289441
0.160514320436476,1.44462888392829,6.91515707872334
0.162377673918872,1.46139906526985,6.95102378538055
0.164262658407093,1.47836392566384,6.987271867398
0.166169525007769,1.49552572506992,7.02390542597404
0.168098527742536,1.51288674968283,7.0609286095724
0.170049923581879,1.53044931223691,7.09834561452934
0.17202397247936,1.54821575231424,7.13616068566908
0.174020937406248,1.56618843665624,7.17437811692762
0.176041084386555,1.584369759479,7.21300225198512
0.178084682532468,1.60276214279221,7.25203748490689
0.180152004080203,1.62136803672182,7.29148826079305
0.182243324426267,1.6401899198364,7.33135907643719
0.184358922164149,1.65923029947734,7.37165448099392
0.18649907912143,1.67849171209287,7.41237907665553
0.188664080397326,1.69797672357593,7.45353751933793
0.190854214400669,1.71768792960602,7.49513451937591
0.193069772888325,1.73762795599493,7.5371748422279
0.195311051004063,1.75779945903657,7.57966330919033
0.19757834731787,1.77820512586083,7.62260479812177
0.199871963865725,1.79884767479153,7.66600424417687
0.202192206189835,1.81972985570852,7.70986664055044
0.204539383379339,1.84085445041405,7.75419703923157
0.206913808111479,1.86222427300331,7.79900055176806
0.209315796693257,1.88384217023932,7.84428235004138
0.211745669103571,1.90571102193214,7.89004766705206
0.214203749035838,1.92783374132255,7.93630179771591
0.216690363941118,1.95021327547006,7.98305009967105
0.219205845071733,1.97285260564559,8.03029799409604
0.221750527525393,1.99575474772854,8.07805096653906
0.224324750289842,2.01892275260858,8.12631456775852
0.226928856288008,2.04235970659207,8.17509441457513
0.229563192423691,2.06606873181322,8.22439619073556
0.232228109627773,2.09005298664995,8.27422564778802
0.234923962904966,2.11431566614469,8.32458860596965
0.237651111381107,2.13886000242997,8.37549095510621
0.240409918350997,2.16368926515897,8.42693865552397
0.243200751326795,2.18880676194115,8.47893773897408
0.246023982086978,2.2142158387828,8.5314943095697
0.248879986725867,2.2399198805328,8.58461454473577
0.251769145703728,2.26592231133355,8.63830469617198
0.254691843897454,2.29222659507709,8.69257109082881
0.257648470651838,2.31883623586654,8.74742013189701
0.260639419831435,2.34575477848291,8.80285829981055
0.263665089873036,2.37298580885732,8.85889215326349
0.266725883838741,2.40053295454867,8.91552833024061
0.269822209469654,2.42839988522688,8.97277354906233
0.272954479240201,2.45659031316181,9.03063460944389
0.276123110413075,2.48510799371768,9.08911839356913
0.279328525094825,2.51395672585343,9.14823186717897
0.282571150292083,2.54314035262875,9.20798208067491
0.285851417968447,2.57266276171603,9.2683761702377
0.28916976510203,2.60252788591827,9.32942135896131
0.292526633743665,2.63273970369298,9.39112495800262
0.295922471075796,2.66330223968216,9.45349436774693
0.299357729472049,2.69421956524844,9.51653707898945
0.302832866557495,2.72549579901745,9.5802606741331
0.306348345269608,2.75713510742648,9.64467282840294
0.309904633919943,2.78914170527949,9.70978131107718
0.313502206256511,2.8215198563086,9.77559398673531
0.3171415415269,2.8542738737421,9.84211881652342
0.320823124542108,2.88740812087897,9.909363859437
0.324547445741133,2.9209270116702,9.9773372736215
0.328315001256305,2.95483501130674,10.0460473176909
0.332126292979375,2.98913663681437,10.1155023520644
0.335981828628378,3.0238364576554,10.1857108403218
0.339882121815267,3.0589390963374,10.2566813505777
0.343827692114331,3.09444922902898,10.3284225568742
0.347819065131413,3.13037158618272,10.4009432405941
0.351856772573926,3.16671095316534,10.474252291892
0.355941352321686,3.20347217089517,10.548358711147
0.360073348498562,3.24066013648706,10.6232716104348
0.364253311544964,3.27827980390467,10.6990002150196
0.368481798291168,3.31633618462051,10.7755538648683
0.372759372031494,3.35483434828345,10.8529420161845
0.377086602599345,3.39377942339411,10.9311742429642
0.381464066443118,3.43317659798806,11.0102602385735
0.38589234670299,3.47303112032691,11.0902098173481
0.390372033288609,3.51334829959748,11.171032916215
0.39490372295767,3.55413350661903,11.252739596337
0.399488019395417,3.59539217455875,11.3353400447799
0.40412553329506,3.63712979965554,11.4188445762038
0.408816882439129,3.67935194195216,11.5032636345768
0.413562691781771,3.72206422603594,11.5886077949141
0.418363593532002,3.76527234178802,11.67488776504
0.423220227237928,3.80898204514135,11.7621143873762
0.428133239871939,3.85319915884745,11.8502986407534
0.4331032859169,3.8979295732521,11.9394516422503
0.438131027453331,3.94317924707997,12.0295846490563
0.443217134247609,3.98895420822848,12.1207090603625
0.448362283841191,4.03526055457072,12.2128364192775
0.453567161640871,4.08210445476784,12.3059784147713
0.458832461010085,4.12949214909076,12.4001468836461
0.464158883361278,4.1774299502515,12.4953538125352
0.469547138249343,4.22592424424409,12.5916113399294
0.474997943466141,4.27498149119527,12.6889317582328
0.480512025136124,4.32460822622512,12.7873275158474
0.486090117813063,4.37481106031757,12.8868112192865
0.491732964577902,4.42559668120112,12.9873956353192
0.497441317137746,4.47697185423971,13.0890936931439
0.503215935925999,4.52894342333399,13.191918486594
0.509057590203668,4.58151831183301,13.2958832763734
0.514967058161834,4.63470352345651,13.4010014923245
0.520945127025321,4.68850614322789,13.5072867357286
0.526992593157566,4.74293333841809,13.6147527816385
0.533110262166703,4.79799235950033,13.7234135812441
0.539298949012887,4.85369054111599,13.8332832642721
0.545559478116852,4.91003530305167,13.9443761414195
0.551892683469738,4.96703415122764,14.0567067068221
0.558299408744192,5.02469467869773,14.1702896405579
0.564780507406755,5.0830245666608,14.2851398111857
0.571336842831558,5.14203158548402,14.4012722783212
0.577969288415331,5.20172359573798,14.5187022952486
0.584678727693759,5.26210854924383,14.6374453115701
0.591466054459175,5.32319449013257,14.7575169758934
0.598332172879629,5.38498955591666,14.8789331385572
0.605277997619335,5.44750197857401,15.001709854396
0.612304453960519,5.51074008564467,15.1258633855444
0.619412477926676,5.57471230134008,15.2514102042817
0.626603016407265,5.63942714766539,15.3783669959175
0.633877027283849,5.70489324555464,15.5067506617177
0.641235479557692,5.77111931601923,15.6365783218743
0.648679353478851,5.83811418130966,15.7678673185159
0.656209640676756,5.9058867660908,15.9006352187632
0.663827344292308,5.97444609863077,16.0348998178273
0.671533479111514,6.04380131200363,16.1706791421533
0.67932907170067,6.11396164530603,16.3079914526087
0.687215160543112,6.18493644488801,16.4468552477186
0.695192796177561,6.25673516559805,16.5872892669461
0.703263041338064,6.32936737204258,16.7293124940222
0.711426971095573,6.40284273986016,16.8729441603215
0.719685673001152,6.47717105701037,17.0182037482887
0.728040247230857,6.55236222507771,17.1651109949132
0.736491806732297,6.62842626059067,17.3136858952552
0.745041477372891,6.70537329635602,17.4639487060217
0.753690398089854,6.78321358280869,17.6159199491957
0.762439721041914,6.86195748937722,17.7696204157167
0.771290611762799,6.94161550586519,17.9250711692158
0.780244249316505,7.02219824384854,18.0822935498039
0.789301826454357,7.10371643808922,18.2413091779163
0.798464549773909,7.18618094796518,18.4021399582123
0.807733639879671,7.26960275891704,18.5648080835314
0.81711033154572,7.35399298391148,18.7293360389083
0.826595873880181,7.43936286492163,18.8957466056449
0.836191530491632,7.52572377442469,19.0640628654432
0.84589857965743,7.61308721691687,19.2343082045971
0.855718314494001,7.701464830446,19.4065063182466
0.865652043129094,7.79086838816185,19.5806812146934
0.875701088876051,7.88130979988446,19.7568572197801
0.885866790410083,7.97280111369074,19.9350589813331
0.896150501946605,8.06535451751944,20.1153114736709
0.906553593421636,8.15898234079472,20.2976400021783
0.917077450674293,8.25369705606864,20.4820702079476
0.927723475631406,8.34951128068266,20.6686280724877
0.938493086494273,8.44643777844845,20.8573399225034
0.949387717927583,8.54448946134824,21.0482324347432
0.960408821250538,8.64367939125484,21.2413326409199
0.971557864630186,8.74402078167167,21.4366679327027
0.982836333277003,8.84552699949302,21.6342660667832
0.994245729642742,8.94821156678467,21.8341551700157
1.00578757362058,9.05208816258525,22.0363637446335
1.01746340274761,9.15717062472846,22.2409206735421
1.02927477240961,9.26347295168647,22.4478552256905
1.04122325604831,9.37100930443475,22.6571970615213
1.05331044537094,9.47979400833843,22.8689762385026
1.06553795056231,9.58984155506075,23.0832232167402
1.07790740049927,9.70116660449346,23.299968864674
1.09042044296775,9.81378398670977,23.5192444648576
1.10307874488222,9.92770870393993,23.741081719825
1.11588399250775,10.0429559325697,23.9655127580426
1.12883789168469,10.1595410251622,24.1925701399509
1.14194216805587,10.2774795125028,24.4222868640946
1.15519856729648,10.3967871056683,24.654696373345
1.16860885534665,10.5174796981199,24.8898325612138
1.18217481864667,10.63957336782,25.1277297782614
1.19589826437498,10.7630843793748,25.3684228385999
1.2097810206889,10.8880291862001,25.611947026494
1.22382493696819,11.0144244327137,25.8583381030591
1.2380318840614,11.1422869565526,26.1076323130594
1.25240375453507,11.2716337908157,26.3598663918084
1.26694246292591,11.4024821663332,26.615077572171
1.28164994599576,11.5348495139618,26.8733035916709
1.29652816298967,11.668753466907,27.1345826997041
1.31157909589685,11.8042118630717,27.3989536648602
1.32680474971472,11.9412427474325,27.6664557823533
1.34220715271601,12.0798643744441,27.9371288815636
1.35778835671893,12.2200952104704,28.2110133336928
1.37355043736051,12.3619539362446,28.4881500595336
1.38949549437314,12.5054594493582,28.7685805373556
1.40562565186421,12.6506308667779,29.0523468109103
1.42194305859917,12.7974875273925,29.3394914975553
1.43844988828766,12.946048994589,29.630057796501
1.45514833987319,13.0963350588587,29.9240894971814
1.472040637826,13.248365740434,30.2216309877505
1.48912903243941,13.4021612919547,30.5227272637064
1.50641580012959,13.5577422011663,30.8274239366457
1.52390324373883,13.7151291936495,31.1357672431497
1.54159369284227,13.8743432355804,31.4478040538037
1.55948950405828,14.0354055365245,31.7635818823539
1.57759306136236,14.1983375522613,32.0831488950008
1.59590677640473,14.3631609876426,32.4065539198343
1.6144330888316,14.5298977994844,32.7338464564102
1.63317446661017,14.6985701994915,33.0650766854725
1.65213340635737,14.8692006572163,33.400295478822
1.67131243367249,15.0418119030524,33.7395544093344
1.69071410347358,15.2164269312622,34.0829057611306
1.71034100033784,15.3930690030406,34.4304025399003
1.73019573884589,15.571761649613,34.7820984833827
1.7502809639301,15.7525286753709,35.1380480720056
1.7705993512269,15.9353941610421,35.4983065396871
1.79115360743323,16.1203824668991,35.8629298847996
1.81194647066712,16.3075182360041,36.2319748813022
1.83298071083244,16.4968263974919,36.6054990900405
1.85425912998785,16.6883321698907,36.9835608702203
1.87578456272016,16.8820610644814,37.3662193910541
1.89755987652185,17.0780388886967,37.7535346435858
1.91958797217311,17.276291749558,38.1455674526958
1.94187178412825,17.4768460571543,38.5423794892884
1.96441428090663,17.6797285281597,38.9440332826655
1.98721846548806,17.8849661893925,39.3505922330892
2.01028737571289,18.092586381416,39.7621206245361
2.03362408468667,18.3026167621801,40.1786836376464
2.05723170118956,18.515085310706,40.6003473628708
2.08111337009039,18.7300203308136,41.0271788138189
2.10527227276571,18.9474504548914,41.4592459408117
2.12971162752348,19.1674046477113,41.896617644641
2.15443469003188,19.389912210287,42.3393637905407
2.17944475375299,19.6150027837769,42.7875552223712
2.20474515038147,19.8427063534333,43.241263777022
2.2303392502885,20.0730532525965,43.7005622990348
2.25623046297063,20.3060741667357,44.1655246554514
2.2824222375041,20.5418001375369,44.6362257508898
2.30891806300419,20.7802625670377,45.1127415428512
2.33572146909012,21.0214932218111,45.5951490572635
2.36283602635518,21.2655242371966,46.083526404263
2.39026534684239,21.5123881215815,46.5779527942194
2.41801308452572,21.7621177607315,47.0785085540075
2.4460829357968,22.0147464221712,47.5852751435297
2.47447863995735,22.2703077596162,48.0983351724933
2.50320397971733,22.5288358174559,48.6177724174459
2.53226278169879,22.7903650352891,49.1436718390748
2.56165891694573,23.0549302525115,49.6761195997728
2.59139630143966,23.3225667129569,50.2152030814751
2.62147889662136,23.5933100695922,50.7610109037727
2.65191070991854,23.8671963892668,51.3136329423051
2.68269579527972,24.1442621575175,51.8731603474382
2.71383825371428,24.4245442834285,52.439685563231
2.74534223383871,24.7080801045484,53.0133023466958
2.77721193242935,24.9949073918642,53.5941057873577
2.80945159498141,25.2850643548327,54.182192327116
2.84206551627451,25.5785896464706,54.7776597804152
2.87505804094488,25.8755223685039,55.3806073547277
2.90843356406405,26.1759020765764,55.9911356713551
2.94219653172437,26.4797687855194,56.6093467865531
2.97635144163132,26.7871629746819,57.2353442129835
3.01090284370259,27.0981255933233,57.8692329415011
3.04585534067428,27.4126980660686,58.5111194632784
3.081213588714,27.730922298426,59.1611117922756
3.11698229804115,28.0528406823703,59.8193194880599
3.15316623355436,28.3784961019893,60.4858536789805
3.18977021546632,28.7079319391969,61.1608270857048
3.22679911994581,29.0411920795123,61.8443540451222
3.26425787976732,29.3783209179059,62.5365505346196
3.30215148496818,29.7193633647136,63.2375341967371
3.34048498351324,30.0643648516192,63.9474243642086
3.37926348196743,30.4133713377069,64.6663420853924
3.41849214617593,30.7664293155834,65.3944101501016
3.45817620195238,31.1235858175714,66.1317531158359
3.49832093577504,31.4848884219753,66.8784973344263
3.53893169549099,31.8503852594189,67.6347709790951
3.58001389102858,32.2201250192572,68.4007040719408
3.62157299511807,32.5941569560627,69.1764285118532
3.66361454402072,32.9725308961864,69.9620781028662
3.70614413826623,33.355297244396,70.7577885829556
3.74916744339889,33.74250699059,71.5636976532884
3.79269019073225,34.1342117165903,72.3799450079317
3.83671817811264,34.5304636030138,73.2066723640274
3.88125727069154,34.9313154362238,74.0440234924425
3.92631340170684,35.3368206153615,74.8921442489
3.9718925732733,35.7470331594597,75.7511826055997
4.01800085718209,36.1620077146388,76.621288683337
4.06464439570963,36.5817995613867,77.5026147841272
4.11182940243583,37.0064646219225,78.3953154243434
4.15956216307185,37.4360594676466,79.2995473683765
4.2078490362974,37.8706413266766,80.2154696628263
4.25669645460787,38.3102680914708,81.1432436712313
4.30611092517117,38.7549983265405,82.0830331093475
4.35609903069461,39.2048912762515,83.0350040809821
4.40666743030179,39.6600068727161,83.9993251143955
4.45782286041971,40.1204057437774,84.976167199277
4.50957213567615,40.5861492210853,85.9657038243051
4.56192214980746,41.0572993482672,86.9681110153021
4.61487987657694,41.5339188891924,87.9835673739921
4.66845237070379,42.0160713363341,89.0122541173729
4.72264676880295,42.5038209192266,90.0543551177109
4.77747029033577,42.997232613022,91.1100569431695
4.83293023857175,43.4963721471458,92.1795488990817
4.88903400156144,44.001306014053,93.2630230698773
4.94578905312064,44.5121014780858,94.3606743616745
5.003202953826,45.028826584434,95.4727005455482
5.06128335202222,45.5515501682,96.5993023014841
5.12003798484089,46.080341863568,97.7406832630328
5.17947467923121,46.6152721130809,98.8970500626711
5.23960135300264,47.1564121770238,100.068612377887
5.30042601587967,47.7038341429171,101.255582977993
5.36195677056882,48.2576109351194,102.458177771692
5.42420181383803,48.8178163245422,103.676615855394
5.4871694376086,49.3845249384774,104.911119562299
5.5508680300598,49.9578122705382,106.161914512276
5.61530607674627,50.5377546907165,107.429229662518
5.68049216172843,51.1244294555558,108.713297359021
5.74643496871597,51.7179147184438,110.014353388875
5.81314328222471,52.3182895400224,111.332637033389
5.88062598874676,52.9256338987208,112.66839112207
5.94889207793433,53.540028701409,114.021862087462
6.01795064379733,54.161555794176,115.393300020855
6.08781088591476,54.7902979732329,116.782958728892
6.15848211066026,55.4263389959423,118.191095791079
6.22997373244184,56.0697635919766,119.617972618214
6.30229527495602,56.7206574746042,121.063854511748
6.37545637245651,57.3791073521086,122.529010724105
6.44946677103762,58.0452009393386,124.013714519957
6.52433632993263,58.7190269693936,125.518243238491
6.6000750228271,59.4006752054439,127.042878356667
6.67669293918756,60.0902364526881,128.587905553491
6.75420028560559,60.7878025704503,130.153614775325
6.8326073871574,61.4934664844166,131.740300302235
6.91192468877937,62.2073221990143,133.348260815414
6.99216275665937,62.9294648099344,134.977799465683
7.07333227964444,63.6599905168,136.629223943089
7.15544407066458,64.3989966359812,138.302846547631
7.23850906817326,65.1465816135593,139.998984261115
7.32253833760453,65.9028450384408,141.717958820164
7.40754307284716,66.6678876556245,143.460096790414
7.49353459773575,67.4418113796218,145.225729641891
7.58052436755926,68.2247193080333,147.015193825606
7.66852397058701,69.0167157352831,148.82883085139
7.75754512961241,69.8179061665117,150.666987366975
7.84759970351461,70.6283973316315,152.530015238354
7.93869968883823,71.4482971995441,154.418271631439
8.03085722139151,72.2777149925236,156.332119095026
8.12408457786297,73.1167612007667,158.271925645118
8.2183941774568,73.9655475971112,160.238064850588
8.31379858354733,74.824187251926,162.230915920241
8.41031050535261,75.6927945481735,164.250863791276
8.50794279962745,76.571485196647,166.298299219179
8.60670847237616,77.4603762513855,168.37361886907
8.70662068058513,78.3595861252661,170.477225408527
8.80769273397546,79.2692346057791,172.609527601913
8.90993809677611,80.189442870985,174.770940406226
9.01337038951743,81.1203335056569,176.961885068508
9.11800339084568,82.0620305176111,179.182789224825
9.22385103935848,83.0146593542263,181.434087000855
9.33092743546166,83.978346919155,183.716219114105
9.43924684324767,84.953221589229,186.029632977786
9.54882369239567,85.939413231561,188.374782806372
9.65967258009383,86.9370532208445,190.752129722875
9.7718082729839,87.9462744568551,193.162141867854
9.88524570912828,88.9672113821545,195.605294510205
10,90,198.082070159743
