beta12,T1,T_0.9,x1*,x2*,x3*
0.1,10.7126824713711,27.3627632531257,0.468484480495288,0.357229269667256,0.174286249837456
0.101552112763457,10.728691282672,27.3800867476578,0.468355058044191,0.357107052947244,0.174537889008564
0.103128316067218,10.7448359446537,27.3976535667592,0.468223945382051,0.356983296339131,0.174792758278818
0.104728983823636,10.7611176952107,27.4154668388223,0.46809112415319,0.356857984500713,0.175050891346097
0.106354495748601,10.7775377847201,27.4335297260944,0.467956575888498,0.356731102027821,0.175312322083681
0.108005237451625,10.7940974761837,27.451845424931,0.467820282006599,0.356602633456009,0.175577084537392
0.109681600527314,10.8107980453709,27.47041716605,0.467682223815075,0.35647256326228,0.175845212922645
0.111383982648262,10.8276407809645,27.4892482147867,0.467542382511721,0.356340875866857,0.176116741621422
0.113112787659392,10.8446269847078,27.5083418713507,0.467400739185851,0.356207555634975,0.176391705179174
0.114868425673755,10.8617579715536,27.5277014710823,0.467257274819646,0.356072586878718,0.176670138301636
0.11665131316982,10.8790350698149,27.5473303847115,0.467111970289543,0.355935953858889,0.176952075851567
0.118461873090268,10.8964596213183,27.5672320186169,0.466964806367673,0.355797640786913,0.177237552845414
0.120300534942332,10.9140329815585,27.5874098150868,0.466815763723336,0.355657631826769,0.177526604449895
0.122167734899679,10.9317565198551,27.6078672525805,0.466664822924524,0.355515911096965,0.17781926597851
0.124063915905883,10.9496316195115,27.6286078459922,0.466511964439491,0.355372462672539,0.17811557288797
0.125989527779503,10.9676596779755,27.6496351469151,0.466357168638356,0.355227270587091,0.178415560774553
0.127945027320787,10.9858421070027,27.6709527439073,0.466200415794763,0.355080318834851,0.178719265370385
0.129930878420042,11.0041803328212,27.6925642627598,0.466041686087574,0.354931591372774,0.179026722539652
0.131947552167671,11.0226757962984,27.714473366765,0.46588095960261,0.354781072122668,0.179337968274722
0.133995526965934,11.041329953111,27.7366837569882,0.465718216334434,0.354628744973351,0.179653038692215
0.136075288642433,11.0601442739158,27.7591991725393,0.46555343618818,0.354474593782834,0.179971970028987
0.138187330565363,11.0791202445236,27.7820233908476,0.465386598981419,0.354318602380535,0.180294798638045
0.140332153760549,11.0982593660752,27.8051602279382,0.465217684446077,0.354160754569525,0.180621560984399
0.1425102670303,11.1175631552194,27.8286135387096,0.465046672230382,0.354001034128786,0.180952293640832
0.144722187074113,11.1370331442935,27.8523872172149,0.464873541900871,0.353839424815514,0.181287033283615
0.146968438611245,11.1566708815061,27.8764851969435,0.464698272944418,0.353675910367433,0.181625816688149
0.149249554505183,11.1764779311225,27.9009114511067,0.464520844770327,0.353510474505139,0.181968680724535
0.15156607589006,11.1964558736518,27.9256699929243,0.464341236712443,0.353343100934468,0.18231566235309
0.153918552299021,11.2166063060374,27.9507648759148,0.464159428031324,0.353173773348884,0.182666798619792
0.156307541794582,11.2369308418491,27.9762001941874,0.46397539791644,0.353002475431893,0.183022126651666
0.158733611101021,11.2574311114786,28.0019800827374,0.463789125488423,0.352829190859473,0.183381683652104
0.161197335738816,11.2781087623361,28.0281087177441,0.463600589801342,0.352653903302527,0.18374550689613
0.16369930016117,11.2989654590516,28.0545903168714,0.463409769845039,0.352476596429356,0.184113633725604
0.166240097892661,11.3200028836764,28.0814291395721,0.463216644547483,0.35229725390815,0.184486101544367
0.168820331670036,11.3412227358895,28.108629487395,0.463021192777175,0.352115859409492,0.184862947813333
0.171440613585197,11.3626267332049,28.1361957042957,0.462823393345588,0.351932396608886,0.185244210045525
0.174101565230402,11.3842166111826,28.1641321769503,0.462623225009647,0.351746849189296,0.185629925801057
0.176803817845721,11.4059941236423,28.1924433350731,0.462420666474239,0.351559200843698,0.186020132682063
0.179548012468783,11.4279610428794,28.2211336517385,0.462215696394767,0.351369435277651,0.186414868327582
0.182334800086844,11.4501191598846,28.250207643706,0.46200829337974,0.351177536211874,0.186814170408385
0.185164841791216,11.4724702845653,28.2796698717494,0.461798435993394,0.350983487384843,0.187218076621763
0.188038808934092,11.4950162459711,28.3095249409909,0.461586102758349,0.350787272555389,0.187626624686262
0.19095738328781,11.5177588925216,28.3397775012391,0.461371272158303,0.350588875505316,0.188039852336381
0.193921257206583,11.5407000922371,28.3704322473307,0.461153922640762,0.350388280042017,0.188457797317221
0.196931133790742,11.5638417329728,28.4014939194788,0.460934032619793,0.35018547000111,0.188880497379096
0.199987727053529,11.5871857226558,28.4329673036243,0.460711580478823,0.349980429249069,0.189307990272108
0.203091762090474,11.6107339895252,28.4648572317928,0.460486544573458,0.349773141685868,0.189740313740674
0.206243975251409,11.6344884823756,28.4971685824572,0.460258903234341,0.349563591247631,0.190177505518027
0.209445114315147,11.6584511708034,28.5299062809054,0.460028634770041,0.349351761909279,0.190619603320679
0.212695938666869,11.6826240454572,28.5630752996127,0.459795717469963,0.349137637687187,0.19106664484285
0.215997219478272,11.7070091182903,28.5966806586213,0.459560129607299,0.348921202641839,0.191518667750862
0.219349739890506,11.7316084228177,28.630727425925,0.459321849442,0.348702440880487,0.191975709677513
0.222754295199956,11.7564240143758,28.6652207178593,0.459080855223778,0.348481336559806,0.192437808216415
0.226211693046903,11.781457970386,28.7001656994992,0.458837125195136,0.348257873888558,0.192905000916307
0.229722753607115,11.8067123906213,28.7355675850623,0.458590637594422,0.348032037130236,0.193377325275342
0.233288309786416,11.8321893974771,28.7714316383192,0.458341370658914,0.34780381060573,0.193854818735356
0.236909207418263,11.8578911362447,28.80776317301,0.458089302627924,0.347573178695966,0.19433751867611
0.240586305464407,11.8838197753899,28.8445675532688,0.45783441174593,0.347340125844559,0.194825462409511
0.244320476218649,11.9099775068335,28.8818501940549,0.457576676265732,0.347104636560448,0.19531868717382
0.248112605513777,11.9363665462371,28.9196165615911,0.457316074451624,0.346866695420536,0.19581723012784
0.251963592931702,11.9629891332919,28.9578721738105,0.457052584582604,0.346626287072313,0.196321128345083
0.255874352016859,11.9898475320114,28.9966226008103,0.456786184955585,0.346383396236479,0.196830418807936
0.259845810492925,12.0169440310287,29.0358734653143,0.456516853888645,0.346138007709556,0.197345138401799
0.263878910482893,12.0442809438968,29.0756304431433,0.456244569724283,0.345890106366492,0.197865323909225
0.267974608732569,12.0718606093935,29.115899263694,0.455969310832704,0.345639677163253,0.198391012004043
0.272133876837531,12.0996853918306,29.1566857104269,0.455691055615118,0.345386705139406,0.198922239245476
0.276357701473616,12.1277576813668,29.1979956213627,0.455409782507058,0.345131175420693,0.199459042072249
0.280647084630984,12.1560798943248,29.239834889588,0.455125469981713,0.34487307322159,0.200001456796697
0.285003043851811,12.1846544735133,29.2822094637707,0.454838096553283,0.344612383847855,0.200549519598862
0.289426612471675,12.2134838885525,29.3251253486843,0.45454764078034,0.344349092699064,0.201103266520596
0.293918839864689,12.2425706362049,29.3685886057424,0.454254081269218,0.344083185271128,0.201662733459653
0.298480791692433,12.2719172407093,29.4126053535434,0.453957396677402,0.343814647158809,0.20222795616379
0.303113550156758,12.301526254121,29.4571817684251,0.453657565716938,0.343543464058201,0.202798970224861
0.307818214256508,12.331400256655,29.5023240850297,0.453354567157863,0.343269621769218,0.203375811072919
0.312595900048228,12.361541857035,29.5480385968799,0.45304837983163,0.342993106198049,0.203958513970322
0.317447740910919,12.3919536928462,29.594331656966,0.45273898263456,0.342713903359606,0.204547114005834
0.322374887814903,12.4226384308941,29.6412096783433,0.452426354531299,0.342431999379954,0.205141646088747
0.327378509594858,12.4535987675666,29.6886791347422,0.452110474558283,0.342147380498719,0.205742144942998
0.332459793227094,12.4848374292024,29.7367465611885,0.451791321827216,0.341860033071488,0.206348645101296
0.337619944111134,12.5163571724638,29.7854185546372,0.451468875528555,0.341569943572182,0.206961180899263
0.342860186355659,12.5481607847144,29.8347017746168,0.451143114935005,0.341277098595419,0.207579786469575
0.348181763068897,12.5802510844027,29.884602943887,0.45081401940502,0.340981484858851,0.208204495736129
0.353585936653518,12.6126309214497,29.9351288491086,0.450481568386309,0.340683089205489,0.208835342408202
0.359073989106105,12.6453031776433,29.9862863415266,0.450145741419355,0.340381898606004,0.209472359974641
0.364647222321275,12.6782707670365,30.0380823376653,0.449806518140933,0.340077900161015,0.210115581698052
0.370306958400514,12.7115366363526,30.0905238200383,0.449463878287636,0.339771081103353,0.210765040609011
0.376054539965817,12.7451037653946,30.1436178378707,0.449117801699404,0.339461428800306,0.21142076950029
0.381891330478185,12.7789751674613,30.1973715078359,0.448768268323061,0.339148930755847,0.212082800921092
0.387818714561072,12.8131538897681,30.2517920148058,0.448415258215852,0.338833574612841,0.212751167171306
0.393838098328849,12.8476430138743,30.3068866126157,0.448058751548983,0.338515348155231,0.213425900295786
0.399950909720367,12.8824456561161,30.3626626248439,0.447698728611161,0.338194239310209,0.21410703207863
0.406158598837698,12.9175649680454,30.4191274456056,0.447335169812145,0.33787023615036,0.214794594037494
0.412462638290135,12.9530041368746,30.476288540362,0.44696805568629,0.337543326895794,0.215488617417917
0.418864523543527,12.9887663859277,30.5341534467445,0.446597366896088,0.33721349991625,0.216189133187662
0.425365773275039,13.0248549750976,30.592729775395,0.446223084235725,0.336880743733191,0.216896172031084
0.431967929733417,13.0612732013097,30.6520252108212,0.44584518863462,0.336545047021866,0.217609764343514
0.43867255910485,13.0980243989914,30.7120475122684,0.445463661160974,0.336206398613367,0.218329940225659
0.445481251884499,13.1351119405489,30.7728045146073,0.445078483025317,0.335864787496651,0.219056729478032
0.452395623253805,13.1725392368502,30.8343041292386,0.444689635584039,0.335520202820563,0.219790161595398
0.459417313463648,13.2103097377144,30.8965543450138,0.44429710034297,0.3351726338958,0.22053026576123
0.466547988223447,13.2484269324085,30.9595632291737,0.443900858960862,0.334822070196919,0.221277070842219
0.473789339096314,13.2868943501505,31.0233389283037,0.443500893252963,0.334468501364269,0.222030605382767
0.481143083900326,13.3257155606197,31.0878896693069,0.443097185194541,0.334111917205927,0.222790897599532
0.488610967116033,13.364894174474,31.1532237603945,0.442689716924407,0.333752307699616,0.223557975375977
0.49619476030029,13.4044338438744,31.2193495920949,0.442278470748445,0.333389662994603,0.224331866256951
0.503896262506515,13.4443382630168,31.2862756382804,0.441863429143131,0.333023973413576,0.225112597443293
0.51171730071146,13.4846111686713,31.3540104572131,0.441444574759043,0.332655229454505,0.225900195786452
0.51965973024862,13.5252563407286,31.4225626926089,0.441021890424374,0.332283421792486,0.22669468778314
0.527725435248354,13.5662776027545,31.4919410747213,0.44059535914843,0.331908541281567,0.227496099570003
0.535916329084851,13.6076788225519,31.5621544214438,0.440164964125133,0.331530578956555,0.228304456918312
0.544234354830027,13.6494639127301,31.6332116394324,0.439730688736505,0.331149526034806,0.229119785228689
0.55268148571446,13.6916368312834,31.7051217252477,0.439292516556155,0.330765373918003,0.229942109525843
0.561259725595497,13.7342015821761,31.7778937665173,0.43885043135275,0.330378114193909,0.230771454453341
0.569971109432608,13.777162215937,31.8515369431179,0.438404417093527,0.329987738638099,0.231607844268374
0.578817703770127,13.8205228302615,31.9260605283793,0.437954457947581,0.32959423921574,0.232451302836679
0.587801607227491,13.8642875706222,32.0014738903081,0.43750053828958,0.329197608083212,0.233301853627207
0.596924950997074,13.9084606308881,32.0777864928331,0.437042642703022,0.328797837589867,0.234159519707112
0.606189899349757,13.9530462539529,32.1550078970724,0.436580755983716,0.328394920279685,0.235024323736599
0.615598650148351,13.9980487323711,32.2331477626212,0.436114863143207,0.327988848892946,0.235896287963847
0.625153435368971,14.0434724090042,32.3122158488632,0.435644949412166,0.327579616367881,0.236775434219953
0.634856521630522,14.0893216776748,32.3922220163029,0.435171000243871,0.327167215842282,0.237661783913847
0.644710210732387,14.1356009838308,32.4731762279207,0.434693001317479,0.326751640655163,0.238555358027358
0.654716840200474,14.1823148252186,32.5550885505518,0.434210938541487,0.326332884348341,0.239456177110172
0.664878783841726,14.2294677525655,32.6379691562866,0.43372479805708,0.325910940668034,0.240364261274886
0.67519845230725,14.277064370272,32.7218283238964,0.43323456624149,0.325485803566443,0.241279630192068
0.685678293664174,14.325109337114,32.8066764402807,0.432740229711335,0.325057467203316,0.242202303085349
0.696320793976388,14.3736073669542,32.8925240019405,0.432241775325955,0.324625925947506,0.243132298726539
0.7071284778943,14.4225632294644,32.9793816164746,0.43173919019073,0.324191174378508,0.244069635430762
0.718103909253735,14.4719817508574,33.0672600041006,0.431232461660381,0.323753207287991,0.245014331051628
0.729249691684145,14.5218678146291,33.1561699992014,0.430721577342267,0.323312019681311,0.245966402976422
0.740568469226244,14.5722263623117,33.2461225518964,0.430206525099658,0.322867606779019,0.246925868121323
0.752062926959241,14.6230623942373,33.3371287296381,0.429687293054998,0.32241996401835,0.247892742926652
0.763735791637802,14.6743809703116,33.4291997188348,0.429163869593153,0.321969087054704,0.248867043352143
0.7755898323389,14.7261872107997,33.5223468264995,0.428636243364641,0.321514971763116,0.249848784872243
0.787627861118706,14.7784862971219,33.6165814819246,0.428104403288851,0.321057614239714,0.250837982471436
0.799852733679671,14.831283472662,33.711915238384,0.427568338557237,0.32059701080316,0.251834650639603
0.812267350047971,14.8845840435856,33.8083597748622,0.427028038636507,0.320133157996091,0.252838803367402
0.824874655261458,14.9383933796712,33.9059268978103,0.426483493271783,0.319666052586539,0.253850454141678
0.837677640068292,14.9927169151525,34.0046285429302,0.425934692489753,0.319195691569342,0.254869615940905
0.850679341636416,15.0475601495727,34.1044767769867,0.425381626601797,0.318722072167548,0.255896301230655
0.863882844274045,15.1029286486512,34.2054837996484,0.4248242862071,0.318245191833802,0.256930521959098
0.877291280161336,15.1588280451624,34.3076619453562,0.424262662195743,0.317765048251729,0.257972289552528
0.890907830093414,15.2152640398268,34.4110236852225,0.423696745751776,0.317281639337298,0.259021614910926
0.90473572423493,15.2722424022154,34.5155816289589,0.42312652835627,0.316794963240182,0.260078508403548
0.918778242886333,15.3297689716661,34.6213485268334,0.422552001790348,0.316305018345101,0.26114297986455
0.933038717262036,15.387849658214,34.7283372716589,0.421973158138196,0.315811803273161,0.262215038588643
0.947520530280654,15.4464904435344,34.8365609008111,0.421389989790052,0.315315316883171,0.263294693326776
0.962227117367514,15.5056973818996,34.9460325982782,0.420802489445172,0.314815558272964,0.264381952281864
0.977161967269618,15.5654766011488,35.0567656967415,0.420210650114775,0.314312526780689,0.265476823104536
0.992328622883255,15.6258343036727,35.1687736796877,0.419614465124962,0.313806221986107,0.266579312888931
1.00773068209446,15.6867767674114,35.2820701835536,0.419013928119615,0.313296643711866,0.267689428168519
1.02337179863252,15.7483103468667,35.3966689999024,0.418409033063266,0.312783792024766,0.268807174911968
1.03925568293671,15.8104414741296,35.5125840776345,0.41779977424395,0.312267667237014,0.269932558519036
1.05538610303652,15.8731766599211,35.6298295252299,0.417186146276019,0.311748269907468,0.271065583816513
1.0717668854455,15.9365224946495,35.7484196130253,0.416568144102945,0.31122560084286,0.272206255054196
1.08840191606901,16.0004856494814,35.8683687755256,0.415945763000083,0.310699661099017,0.2733545759009
1.10529514112602,16.0650728774292,35.9896916137487,0.415318998577414,0.310170451982066,0.27451054944052
1.12245056808531,16.1302910144534,36.1124028976067,0.414687846782259,0.309637975049619,0.275674178168121
1.13987226661605,16.1961469805812,36.236517568322,0.414052303901962,0.309102232111954,0.276845463986084
1.1575643695533,16.2626477810407,36.3620507408791,0.413412366566543,0.308563225233173,0.278024408200285
1.17553107387837,16.3298005074121,36.4890177065131,0.412768031751323,0.308020956732357,0.27921101151632
1.19377664171444,16.3976123387944,36.6174339352349,0.412119296779521,0.307475429184696,0.280405274035783
1.21230540133765,16.46609054299,36.747315078394,0.41146615932481,0.306926645422607,0.281607195252583
1.23112174820389,16.5352424777053,36.8786769712786,0.410808617413851,0.306374608536839,0.28281677404931
1.25023014599146,16.6050755917697,37.0115356357544,0.410146669428788,0.305819321877563,0.284034008693649
1.26963512765997,16.6755974263709,37.145907282942,0.40948031410971,0.30526078905544,0.28525889683485
1.28934129652571,16.746815616309,37.2818083159338,0.408809550557079,0.304699013942678,0.286491435500242
1.30935332735361,16.8187378912682,37.4192553325505,0.408134378234127,0.304134000674071,0.287731621091803
1.32967596746621,16.8913720771069,37.558265128138,0.407454796969206,0.303565753648014,0.28897944938278
1.35031403786987,16.9647260971666,37.6988546984053,0.406770806958115,0.302994277527513,0.290234915514371
1.3712724343984,17.0388079735993,37.8410412423036,0.406082408766379,0.302419577241164,0.291498013992457
1.39255612887446,17.1136258287144,37.9848421649478,0.405389603331494,0.301841657984116,0.29276873868439
1.41417017028902,17.189187886345,38.1302750805798,0.404692391965131,0.301260525219019,0.29404708281585
1.43611968599908,17.2655024732342,38.2773578155758,0.403990776355302,0.300676184676949,0.295333038967749
1.45840988294399,17.3425780204405,38.4261084114965,0.403284758568484,0.300088642358309,0.296626599073207
1.48104604888067,17.420423064765,38.5765451281819,0.402574341051705,0.299497904533711,0.297927754414584
1.50403355363802,17.4990462501976,38.7286864468915,0.401859526634576,0.298903977744842,0.299236495620582
1.52737785039071,17.5784563293861,38.8825510734888,0.401140318531297,0.298306868805293,0.30055281266341
1.55108447695284,17.6586621651243,39.038157941673,0.400416720342603,0.297706584801383,0.301876694856014
1.57515905709162,17.739672731864,39.1955262162569,0.399688736057675,0.297103133092942,0.303208130849383
1.59960730186149,17.8214971172469,39.3546752964923,0.398956370056003,0.296496521314081,0.304547108629916
1.62443501095887,17.9041445236602,39.5156248194438,0.398219627109195,0.295886757373934,0.305893615516871
1.64964807409802,17.987624269814,39.6783946634102,0.397478512382754,0.29527384945737,0.307247638159876
1.67525247240822,18.0719457923419,39.8430049513968,0.396733031437789,0.294657806025685,0.308609162536526
1.70125427985259,18.1571186474248,40.0094760546366,0.395983190232689,0.29403863581726,0.309978173950051
1.72765966466904,18.2431525124383,40.1778285961628,0.395228995124741,0.293416347848201,0.311354657027058
1.75447489083346,18.330057187624,40.3480834544327,0.394470452871699,0.292790951412937,0.312738595715364
1.78170631954573,18.4178425977851,40.5202617670034,0.393707570633302,0.292162456084802,0.314129973281897
1.80936041073872,18.5065187940071,40.6943849342614,0.392940355972735,0.291530871716575,0.31552877231069
1.83744372461073,18.5960959554028,40.8704746232046,0.392168816858041,0.290896208441005,0.316934974700954
1.86596292318175,18.6865843908835,41.0485527712798,0.391392961663484,0.29025847667128,0.318348561665236
1.89492477187382,18.7779945409554,41.2286415902751,0.390612799170817,0.289617687101504,0.31976951372768
1.92433614111598,18.8703369795427,41.4107635702678,0.389828338570573,0.288973850707085,0.321197810722343
1.95420400797405,18.9636224158369,41.5949414836298,0.389039589463221,0.288326978745142,0.322633431791637
1.9845354578058,19.0578616961733,41.7811983890906,0.388246561860299,0.287677082754853,0.324076355384848
2.01533768594173,19.1530658059348,41.9695576358577,0.387449266185486,0.287024174557766,0.325526559256748
2.04661799939199,19.2492458714839,42.1600428677978,0.38664771327561,0.286368266258085,0.326984020466305
2.07838381857976,19.3464131621219,42.3526780276771,0.385841914381596,0.28570937024291,0.328448715375494
2.11064267910155,19.4445790920782,42.5474873614628,0.385031881169354,0.285047499182449,0.329920619648197
2.14340223351486,19.5437552225276,42.7444954226866,0.384217625720602,0.284382666030183,0.331399708249214
2.17667025315346,19.6439532636374,42.943727076871,0.38339916053363,0.283714884023,0.33288595544337
2.21045462997102,19.7451850766448,43.1452075060194,0.382576498523992,0.283044166681282,0.334379334794726
2.24476337841322,19.8474626759641,43.34896221317,0.38174965302514,0.282370527808961,0.335879819165899
2.27960463731898,19.9507982313254,43.5550170270168,0.380918637788992,0.281693981493526,0.337387380717482
2.31498667185116,20.0552040699443,43.7633981065956,0.380083466986427,0.281014542105996,0.338901990907577
2.35091787545729,20.1606926787235,43.9741319460382,0.379244155207722,0.28033222430084,0.340423620491438
2.38740677186065,20.2672767064866,44.1872453793953,0.378400717462907,0.279647043015868,0.341952239521224
2.42446201708233,20.374968966245,44.4027655855282,0.37755316918207,0.278959013472069,0.343487817345862
2.46209240149463,20.4837824374975,44.6207200930716,0.376701526215569,0.278268151173404,0.345030322611027
2.50030685190632,20.5937302685642,44.8411367854677,0.375845804834196,0.277574471906563,0.346579723259241
2.53911443368035,20.7048257789547,45.0640439060729,0.374986021729253,0.276877991740665,0.348135986530082
2.57852435288427,20.8170824617704,45.2894700633381,0.374122194012564,0.276178727026921,0.349699078960515
2.61854595847423,20.9305139861433,45.5174442360643,0.373254339216411,0.275476694398246,0.351268966385343
2.65918874451269,21.0451341997094,45.747995778733,0.372382475293396,0.274771910768824,0.352845613937779
2.70046235242068,21.1609571311194,45.9811544269147,0.371506620616234,0.274064393333623,0.354428986050142
2.74237657326495,21.2779969925861,46.2169503027548,0.370626793977462,0.273354159567866,0.356019046454673
2.78494135008064,21.3962681824689,46.4554139205394,0.369743014589077,0.272641227226447,0.357615758184477
2.82816678023003,21.5157852878974,46.6965761923409,0.368855302082101,0.271925614343302,0.359219083574597
2.87206311779783,21.6365630874323,46.9404684337458,0.367963676506063,0.271207339230728,0.36082898426321
2.9166407760237,21.7586165537667,47.1871223696653,0.367068158328406,0.270486420478646,0.362445421192948
2.96191032977255,21.8819608564666,47.43657014023,0.366168768433814,0.269762876953822,0.364068354612363
3.0078825180431,22.006611364752,47.6888443067696,0.365265528123466,0.269036727799028,0.365697744077506
3.05456824651543,22.1325836503188,47.9439778578802,0.364358459114199,0.268307992432153,0.367333548453648
3.1019785901381,22.2598934902033,48.2020042155787,0.363447583537604,0.26757669054526,0.368975725917136
3.15012479575533,22.3885568696875,48.4629572415469,0.362532923939033,0.266842842103592,0.370624233957376
3.19901828477506,22.5185899852485,48.726871243466,0.361614503276527,0.266106467344521,0.372279029378952
3.24867065587837,22.6500092475511,48.9937809814437,0.360692344919665,0.265367586776445,0.373940068303889
3.29909368777094,22.7828312844846,49.2637216745338,0.359766472648328,0.264626221177627,0.375607306174046
3.35029934197723,22.9170729442448,49.5367290073509,0.358836910651378,0.26388239159498,0.377280697753642
3.40229976567807,23.0527512984608,49.812839136782,0.357903683525264,0.2631361193428,0.378960197131936
3.45510729459222,23.1898836453693,50.0920886987947,0.356966816272534,0.262387426001436,0.380645757726029
3.50873445590271,23.3284875130348,50.3745148153452,0.356026334300272,0.261636333415908,0.38233733228382
3.56319397122859,23.4685806626178,50.6601551013869,0.355082263418441,0.26088286369447,0.384034872887088
3.61849875964275,23.6101810916922,50.9490476719806,0.354134629838154,0.26012703920711,0.385738330954735
3.67466194073669,23.7533070376105,51.2412311495092,0.353183460169852,0.259368882583998,0.38744765724615
3.73169683773275,23.8979769809197,51.5367446709972,0.352228781421398,0.258608416713874,0.389162801864728
3.78961698064472,24.0442096488283,51.8356278955367,0.351270620996091,0.25784566474238,0.390883714261529
3.84843610948743,24.1920240187233,52.1379210118229,0.350309006690591,0.25708065007033,0.392610343239079
3.90816817753627,24.341439321741,52.4436647457987,0.349343966692755,0.256313396351929,0.394342636955315
3.96882735463716,24.4924750463894,52.7529003684117,0.3483755295794,0.255543927492925,0.396080542927674
4.03042803056805,24.6451509422258,53.0656697034841,0.347403724313965,0.254772267648709,0.397824008037326
4.09298481845244,24.7994870235874,53.382015135699,0.346428580244098,0.253998441222354,0.399572978533548
4.15651255822599,24.9555035733788,53.7019796187014,0.345450127099154,0.253222472862594,0.401327400038252
4.2210263201569,25.1132211469152,54.0256066833208,0.344468394987606,0.252444387461751,0.403087217550643
4.28654140842093,25.2726605758223,54.3529404459119,0.343483414394374,0.25166421015359,0.404852375452036
4.35307336473189,25.4338429719947,54.6840256168192,0.342495216178065,0.25088196631113,0.406622817510805
4.42063797202853,25.5967897316134,55.0189075089647,0.341503831568126,0.250097681544387,0.408398486887486
4.48925125821861,25.7615225392227,55.3576320465626,0.340509292161921,0.249311381698062,0.410179326140017
4.55892949998106,25.9280633718675,55.7002457739614,0.339511629921707,0.248523092849166,0.411965277229127
4.62968922662727,26.096434503293,56.0467958646167,0.338510877171541,0.247732841304594,0.413756281523865
4.70154722402213,26.2666585082063,56.3973301301947,0.337507066594092,0.246940653598634,0.415552279807275
4.77452053856613,26.4387582666018,56.7518970298113,0.336500231227371,0.24614655649042,0.417353212282209
4.84862648123908,26.6127569681508,57.1105456794057,0.335490404461379,0.245350576961329,0.419159018577292
4.92388263170674,26.788678116657,57.4733258612527,0.334477620034667,0.244552742212314,0.420969637753019
5.00030684249109,26.9665455345776,57.8402880336157,0.333461912030815,0.243753079661188,0.422785008307997
5.0779172432054,27.1463833676133,58.211483340541,0.332443314874828,0.242951616939843,0.424605068185329
5.15673224485497,27.3282160893648,58.5869636217973,0.331421863329448,0.242148381891417,0.426429754779136
5.23677054420465,27.5120685060607,58.9667814229614,0.330397592491381,0.2413434025674,0.428259004941219
5.3180511282142,27.6979657613545,59.3509900056532,0.329370537787449,0.240536707224689,0.430092754987861
5.40059327854237,27.8859333411945,59.7396433579221,0.328340734970656,0.239728324322581,0.431930940706763
5.48441657612102,28.0759970787651,60.1327962047858,0.327308220116171,0.238918282519713,0.433773497364115
5.56954090580013,28.2681831595034,60.5305040189264,0.326273029617236,0.238106610670952,0.435620359711812
5.65598646106501,28.4625181261893,60.9328230315435,0.32523520018099,0.237293337824215,0.437471461994795
5.74377374882658,28.659028884113,61.3398102433688,0.324194768824217,0.236478493217257,0.439326737958526
5.8329235942862,28.8577427063188,61.7515234358434,0.323151772869018,0.235662106274385,0.441186120856597
5.9234571458758,29.0586872389277,62.1680211824606,0.322106249938397,0.234844206603129,0.443049543458474
6.01539588027484,29.2618905065402,62.5893628602767,0.321058237951778,0.234024823990861,0.444916938057361
6.10876160750504,29.4673809177184,63.0156086615933,0.320007775120445,0.233203988401354,0.446788236478202
6.20357647610427,29.6751872705522,63.4468196058116,0.318954899942903,0.2323817299713,0.448663370085797
6.29986297838069,29.8853387583072,63.8830575514643,0.317899651200171,0.23155807900677,0.450542269793059
6.39764395574843,30.0978649751579,64.3243852084239,0.316842067950997,0.230733065979626,0.452424866069377
6.49694260414612,30.3127959220069,64.7708661502945,0.315782189526999,0.229906721523882,0.454311088949119
6.59778247953954,30.5301620123908,65.2225648269869,0.314720055527743,0.229079076432023,0.456200868040234
6.70018750350959,30.7499940784751,65.6795465774798,0.31365570581574,0.228250161651266,0.458094132532994
6.8041819689271,30.9723233771388,66.1418776427722,0.312589180511385,0.227420008279781,0.459990811208834
6.90979054571564,31.19718159615,66.609625179028,0.311520519987816,0.226588647562864,0.46189083244932
7.01703828670383,31.4246008604347,67.0828572709156,0.310449764865717,0.225756110889063,0.463794124245219
7.12595063356841,31.6546137384392,67.5616429451473,0.309376956008048,0.224922429786264,0.465700614205688
7.23655342286965,31.8872532485882,68.0460521842192,0.30830213451471,0.224087635917725,0.467610229567565
7.34887289218038,32.1225528658393,68.5361559403571,0.307225341717152,0.223251761078077,0.469522897204771
7.46293568631013,32.3605465283371,69.032026149669,0.306146619172913,0.222414837189274,0.471438543637813
7.57876886362593,32.601268644166,69.5337357465097,0.3050660086601,0.22157689629651,0.47335709504339
7.69639990247116,32.8447540982051,70.0413586780597,0.30398355217181,0.220737970564091,0.475278477264099
7.81585670768409,33.0910382590859,70.5549699191207,0.302899291910493,0.219898092271268,0.477202615818239
7.93716761721755,33.3401569862548,71.0746454871333,0.301813270282258,0.219057293808038,0.479129435909705
8.06036140886135,33.5921466371414,71.6004624574181,0.30072552989112,0.218215607670898,0.481058862437982
8.18546730706903,33.8470440744348,72.1324989786452,0.299636113533202,0.217373066458576,0.482990820008222
8.31251498989063,34.1048866734693,72.6708342885344,0.298545064190872,0.216529702867713,0.484925232941415
8.44153459601299,34.3657123297213,73.2155487297904,0.297452425026837,0.215685549688526,0.486862025284637
8.57255673190932,34.6295594664191,73.7667237662766,0.296358239378188,0.214840639800426,0.488801120821386
8.70561247909987,34.8964670422664,74.3244419994307,0.295262550750391,0.213995006167615,0.490742443081994
8.84073340152506,35.1664745592835,74.8887871849259,0.294165402811236,0.213148681834642,0.492685915354122
8.97795155303332,35.4396220707652,75.4598442495822,0.293066839384739,0.212301699921943,0.494631460693318
9.11729948498492,35.7159501893596,76.0376993085301,0.291966904445002,0.211454093621343,0.496579001933655
9.25881025397396,35.9955000952675,76.6224396826324,0.290865642110029,0.210605896191536,0.498528461698435
9.40251742967013,36.2783135445667,77.2141539161667,0.289763096635505,0.209757140953537,0.500479762410957
9.54845510278229,36.5644328776605,77.812931794773,0.288659312408536,0.208907861286116,0.502432826305348
9.69665789314552,36.8539010278541,78.4188643636711,0.287554333941346,0.208058090621202,0.504387575437452
9.84716095793377,37.1467615300606,79.0320439461505,0.28644820586495,0.207207862439271,0.506343931695778
10,37.4430585296374,79.6525641623382,0.285340972922787,0.206357210264711,0.508301816812502
