b,T1,T_0.7,T_0.8,T_0.9
0.1,0.9,4195.46736711149,49.2305694313123,5.72811906191016
0.101552112763457,0.913969014871111,4196.74625955436,49.3156652077,5.7592019382716
0.103128316067218,0.928154844604966,4198.04498640253,49.4020559171814,5.79072697132617
0.104728983823636,0.942560854412723,4199.3638550634,49.4897610076617,5.82270036679205
0.106354495748601,0.95719046173741,4200.70317770354,49.5788002147743,5.85512842090564
0.108005237451625,0.972047137064628,4202.06327132223,49.6691935661347,5.88801752190814
0.109681600527314,0.987134404745824,4203.44445782618,49.7609613856624,5.92137415155953
0.111383982648262,1.00245584383436,4204.84706410538,49.8541242979705,5.95520488668054
0.113112787659392,1.01801508893453,4206.27142211013,49.9487032328251,5.9895164007229
0.114868425673755,1.0338158310638,4207.71786892924,50.0447194296758,6.02431546536869
0.11665131316982,1.04986181852838,4209.18674686951,50.142194442259,6.05960895215903
0.118461873090268,1.06615685781242,4210.67840353632,50.2411501432741,6.09540383415281
0.120300534942332,1.08270481448099,4212.19319191556,50.3416087291358,6.13170718761599
0.122167734899679,1.09950961409711,4213.7314704568,50.4435927248025,6.16852619374187
0.124063915905883,1.11657524315295,4215.29360315773,50.5471249886839,6.20586814040311
0.125989527779503,1.13390575001552,4216.87995964991,50.6522287176274,6.24374042393589
0.127945027320787,1.15150524588709,4218.49091528588,50.7589274519863,6.2821505509569
0.129930878420042,1.16937790578037,4220.12685122753,50.8672450807714,6.32110614021367
0.131947552167671,1.18752796950904,4221.78815453596,50.9772058468871,6.3606149244689
0.133995526965934,1.2059597426934,4223.4752182626,51.0888343524535,6.40068475241936
0.136075288642433,1.2246775977819,4225.18844154185,51.2021555642176,6.44132359064998
0.138187330565363,1.24368597508827,4226.92822968508,51.3171948190538,6.48253952562383
0.140332153760549,1.26298938384494,4228.6949942761,51.4339778295565,6.52434076570849
0.1425102670303,1.2825924032727,4230.48915326813,51.5525306897262,6.56673564323964
0.144722187074113,1.30249968366702,4232.31113108228,51.672879880752,6.60973261662241
0.146968438611245,1.3227159475012,4234.16135870743,51.7950522768907,6.65334027247117
0.149249554505183,1.34324599054665,4236.0402738019,51.9190751514464,6.69756732778858
0.15156607589006,1.36409468301054,4237.94832079642,52.0449761828516,6.7424226321844
0.153918552299021,1.38526697069119,4239.88595099889,52.1727834608519,6.78791517013497
0.156307541794582,1.40676787615123,4241.85362270069,52.3025254927974,6.834054063284
0.158733611101021,1.42860249990919,4243.8518012846,52.4342312100414,6.88084857278535
0.161197335738816,1.45077602164934,4245.88095933451,52.5679299744511,6.9283081016887
0.16369930016117,1.47329370145053,4247.94157674666,52.7036515850297,6.97644219736883
0.166240097892661,1.49616088103395,4250.03414084279,52.8414262846547,7.02526055399912
0.168820331670036,1.51938298503033,4252.15914648487,52.9812847669337,7.07477301507045
0.171440613585197,1.54296552226677,4254.31709619176,53.123258183181,7.1249895759559
0.174101565230402,1.56691408707361,4256.50850025757,53.2673781495154,7.17592038652239
0.176803817845721,1.59123436061149,4258.7338768719,53.4136767540858,7.22757575378991
0.179548012468783,1.61593211221905,4260.99375224198,53.562186564423,7.27996614463938
0.182334800086844,1.6410132007816,4263.28866071662,53.7129406349231,7.33310218856982
0.185164841791216,1.66648357612094,4265.61914491217,53.8659725144649,7.38699468050588
0.188038808934092,1.69234928040682,4267.98575584041,54.0213162541634,7.44165458365666
0.19095738328781,1.71861644959029,4270.38905303838,54.1790064152629,7.49709303242656
0.193921257206583,1.74529131485925,4272.82960470031,54.339078077173,7.55332133537936
0.196931133790742,1.77238020411668,4275.30798781153,54.5015668456496,7.61035097825632
0.199987727053529,1.79988954348176,4277.82478828454,54.6665088611253,7.66819362704935
0.203091762090474,1.82782585881426,4280.38060109709,54.8339408071912,7.72686113113031
0.206243975251409,1.85619577726268,4282.97603043253,55.0038999192347,7.78636552643737
0.209445114315147,1.88500602883632,4285.61168982226,55.1764239932353,7.84671903871954
0.212695938666869,1.91426344800182,4288.28820229041,55.3515513947224,7.90793408684042
0.215997219478272,1.94397497530445,4291.00620050087,55.5293210678998,7.9700232861423
0.219349739890506,1.97414765901455,4293.76632690646,55.7097725449381,8.03299945187163
0.222754295199956,2.0047886567996,4296.56923390054,55.8929459554407,8.09687560266714
0.226211693046903,2.03590523742212,4299.41558397096,56.0788820360867,8.16166496411159
0.229722753607115,2.06750478246404,4302.30604985641,56.2676221404532,8.22738097234852
0.233288309786416,2.09959478807774,4305.24131470521,56.4592082490237,8.29403727776498
0.236909207418263,2.13218286676437,4308.22207223659,56.6536829793834,8.36164774874177
0.240586305464407,2.16527674917966,4311.24902690448,56.8510895966078,8.43022647547214
0.244320476218649,2.19888428596784,4314.32289406393,57.0514720238483,8.49978777385037
0.248112605513777,2.23301344962399,4317.44440014,57.2548748531177,8.5703461894316
0.251963592931702,2.26767233638531,4320.61428279947,57.4613433562828,8.64191650146415
0.255874352016859,2.30286916815173,4323.8332911251,57.670923496265,8.71451372699559
0.259845810492925,2.33861229443632,4327.10218579271,57.8836619384567,8.78815312505427
0.263878910482893,2.37491019434604,4330.42173925101,58.0996060623561,8.86285020090736
0.267974608732569,2.41177147859312,4333.79273590429,58.3188039734261,8.93862071039701
0.272133876837531,2.44920489153778,4337.2159722979,58.5413045151817,9.01548066435622
0.276357701473616,2.48721931326254,4340.69225730678,58.7671572815111,9.09344633310563
0.280647084630984,2.52582376167885,4344.22241232682,58.9964126292353,9.17253425103305
0.285003043851811,2.5650273946663,4347.80727146938,59.2291216909121,9.25276122125717
0.289426612471675,2.60483951224507,4351.44768175875,59.4653363878889,9.33414432037693
0.293918839864689,2.6452695587822,4355.14450333284,59.7051094436094,9.41670090330852
0.298480791692433,2.68632712523189,4358.89860964694,59.9484943971816,9.50044860821123
0.303113550156758,2.72802195141082,4362.71088768081,60.1955456172104,9.58540536150425
0.307818214256508,2.77036392830857,4366.58223814896,60.4463183159016,9.67158938297584
0.312595900048228,2.81336310043405,4370.51357571431,60.7008685634436,9.75901919098688
0.317447740910919,2.85702966819827,4374.50582920525,60.9592533026718,9.84771360777048
0.322374887814903,2.90137399033413,4378.55994183612,61.221530364022,9.93769176482942
0.327378509594858,2.94640658635372,4382.6768714312,61.4877584807802,10.0289731084335
0.332459793227094,2.99213813904385,4386.8575906523,61.7579973046323,10.1215774052186
0.337619944111134,3.03857949700021,4391.10308722992,62.0323074215238,10.2155247478893
0.342860186355659,3.08574167720093,4395.41436419815,62.3107503678334,10.3108355610274
0.348181763068897,3.13363586762007,4399.79244013332,62.5933886468676,10.4075306070076
0.353585936653518,3.18227342988166,4404.23834939642,62.8802857456847,10.505630992024
0.359073989106105,3.23166590195495,4408.75314237941,63.1715061522531,10.6051581722275
0.364647222321275,3.28182500089147,4413.33788575559,63.4671153729527,10.7061339599777
0.370306958400514,3.33276262560463,4417.99366273377,63.7671799504249,10.8085805302112
0.376054539965817,3.38449085969235,4422.72157331678,64.0717674817815,10.9125204269282
0.381891330478185,3.43702197430367,4427.52273456391,64.3809466371762,11.0179765698002
0.387818714561072,3.49036843104965,4432.39828085774,64.6947871787497,11.1249722609009
0.393838098328849,3.54454288495964,4437.34936417522,65.0133599799549,11.2335311915625
0.399950909720367,3.5995581874833,4442.37715436308,65.3367370452693,11.3436774493603
0.406158598837698,3.65542738953928,4447.48283941779,65.6649915303054,11.4554355252275
0.412462638290135,3.71216374461122,4452.66762576998,65.9981977623242,11.568830320704
0.418864523543527,3.76978071189174,4457.93273857354,66.3364312611628,11.6838871553196
0.425365773275039,3.82829195947535,4463.27942199934,66.6797687605838,11.8006317741171
0.431967929733417,3.88771136760076,4468.70893953382,67.0282882300551,11.919090355315
0.43867255910485,3.94805303194365,4474.22257428237,67.3820688969696,12.0392895181154
0.445481251884499,4.00933126696049,4479.82162927772,67.7411912693137,12.1612563306578
0.452395623253805,4.07156060928425,4485.50742779334,68.1057371587941,12.2850183181228
0.459417313463648,4.13475582117283,4491.281313662,68.4757897044326,12.410603470988
0.466547988223447,4.19893189401103,4497.14465159951,68.8514333966382,12.5380402534405
0.473789339096314,4.26410405186683,4503.09882753388,69.2327541017666,12.6673576119465
0.481143083900326,4.33028775510293,4509.14524893979,69.6198390871779,12.7985849839839
0.488610967116033,4.39749870404429,4515.28534517863,70.0127770468014,12.9317523069393
0.49619476030029,4.46575284270261,4521.52056784418,70.4116581272202,13.0668900271735
0.503896262506515,4.53506636255864,4527.85239111397,70.8165739542833,13.2040291092585
0.51171730071146,4.60545570640314,4534.2823121065,71.2276176602595,13.3432010453892
0.51965973024862,4.67693757223758,4540.81185124438,71.6448839115419,13.4844378649739
0.527725435248354,4.74952891723518,4547.44255262356,72.0684689369153,13.6277721444071
0.535916329084851,4.82324696176366,4554.17598438862,72.4984705563984,13.773237017027
0.544234354830027,4.89810919347024,4561.01373911448,72.9349882106715,13.9208661832633
0.55268148571446,4.97413337143014,4567.95743419435,73.3781229911037,14.0706939209776
0.561259725595497,5.05133753035947,4575.00871223436,73.8279776703895,14.2227550960009
0.569971109432608,5.12973998489347,4582.16924145464,74.2846567338102,14.3770851728717
0.578817703770127,5.20935933393115,4589.44071609736,74.7482664111305,14.53372022578
0.587801607227491,5.29021446504742,4596.82485684148,75.2189147091444,14.6926969497189
0.596924950997074,5.37232455897366,4604.32341122468,75.6967114448842,14.8540526718503
0.606189899349757,5.45570909414782,4611.93815407234,76.1817682795056,15.0178253630885
0.615598650148351,5.54038785133516,4619.67088793388,76.674198752863,15.1840536499041
0.625153435368971,5.62638091832074,4627.52344352647,77.1741183187893,15.3527768263561
0.634856521630522,5.7137086946747,4635.49768018642,77.6816443810942,15.5240348663533
0.644710210732387,5.80239189659148,4643.59548632823,78.1968963302969,15.6978684361521
0.654716840200474,5.89245156180426,4651.8187799115,78.719995581107,15.8743189070942
0.664878783841726,5.98390905457554,4660.16950891596,79.2510656106697,16.0534283685895
0.67519845230725,6.07678607076525,4668.64965182458,79.7902319975912,16.235239641349
0.685678293664174,6.17110464297757,4677.26121811517,80.3376224617598,16.4197962908725
0.696320793976388,6.2668871457875,4686.00624876034,80.8933669049789,16.607142641197
0.7071284778943,6.3641563010487,4694.88681673628,81.4575974524299,16.7973237889104
0.718103909253735,6.46293518328362,4703.90502754034,82.0304484949805,16.9903856174357
0.729249691684145,6.5632472251573,4713.06301971764,82.6120567323567,17.1863748115923
0.740568469226244,6.66511622303619,4722.36296539689,83.2025612171958,17.3853388724383
0.752062926959241,6.76856634263317,4731.8070708357,83.8021033999994,17.5873261324011
0.763735791637802,6.87362212474022,4741.39757697534,84.4108271750035,17.7923857707014
0.7755898323389,6.9803084910501,4751.13676000538,85.0288789269862,18.0005678290766
0.787627861118706,7.08865075006835,4761.02693193835,85.6564075790309,18.2119232278096
0.799852733679671,7.19867460311704,4771.07044119441,86.293564641266,18.4265037820694
0.812267350047971,7.31040615043174,4781.26967319666,86.9405042605998,18.6443622185701
0.824874655261458,7.42387189735313,4791.62705097681,87.5973832714725,18.8655521925541
0.837677640068292,7.53909876061463,4802.1450357919,88.2643612476457,19.0901283051065
0.850679341636416,7.65611407472774,4812.82612775186,88.9416005550505,19.3181461208078
0.863882844274045,7.7749455984664,4823.6728664585,89.6292664057171,19.5496621857313
0.877291280161336,7.89562152145202,4834.68783165592,90.3275269128066,19.7847340457918
0.890907830093414,8.01817047084072,4845.87364389271,91.0365531467699,20.0234202654546
0.90473572423493,8.14262151811437,4857.23296519608,91.7565191926553,20.2657804468099
0.918778242886333,8.269004185977,4868.76849975834,92.4876022085897,20.5118752490215
0.933038717262036,8.39734845535833,4880.48299463573,93.2299824854568,20.7617664081569
0.947520530280654,8.52768477252589,4892.37924046008,93.9838435077983,21.0155167574074
0.962227117367514,8.66004405630763,4904.46007216354,94.7493720159625,21.2731902477049
0.977161967269618,8.79445770542656,4916.72836971655,95.5267580695264,21.5348519687446
0.992328622883255,8.9309576059493,4929.18705887933,96.3161951120187,21.8005681704218
1.00773068209446,9.06957613885015,4941.83911196737,97.1178800369692,22.0704062846905
1.02337179863252,9.21034618769268,4954.68754863096,97.9320132553136,22.3444349478537
1.03925568293671,9.35330114643041,4967.73543664926,98.7587987641819,22.6227240232935
1.05538610303652,9.49847492732871,4980.98589273908,99.5984442170975,22.90534462465
1.0717668854455,9.64590196900953,4994.44208337874,100.451160995619,23.1923691394586
1.08840191606901,9.79561724462105,5008.10722564737,101.317164282455,23.4838712532556
1.10529514112602,9.94765627013419,5021.98458807993,102.196673136075,23.7799259741601
1.12245056808531,10.1020551127678,5036.07749153828,103.089910566865,24.0806096579441
1.13987226661605,10.2588503995445,5050.38931009866,103.997103614839,24.3860000335997
1.1575643695533,10.4180793259797,5064.92347195597,104.918483428953,24.6961762294135
1.17553107387837,10.5797796649053,5079.68346034513,105.854285348054,25.0112187995597
1.19377664171444,10.7439897754299,5094.67281447997,106.804748983496,25.3312097512219
1.21230540133765,10.9107486120389,5109.89513050999,107.770118303447,25.6562325722543
1.23112174820389,11.080095733835,5125.35406249539,108.750641718952,25.9863722593944
1.25023014599146,11.2520713139231,5141.05332340069,109.746572171754,26.3217153470381
1.26963512765997,11.4267161489398,5156.9966861075,110.758167223936,26.6623499365887
1.28934129652571,11.6040716687314,5173.18798444673,111.785689149407,27.008365726392
1.30935332735361,11.7841799461825,5189.63111425065,112.829405027284,27.3598540422699
1.32967596746621,11.9670837071959,5206.3300344254,113.889586837195,27.7169078686642
1.35031403786987,12.1528263408289,5223.28876804409,114.966511556559,28.0796218804043
1.3712724343984,12.3414519095856,5240.51140346136,116.06046125987,28.448092475111
1.39255612887446,12.5330051598702,5258.00209544938,117.171723220043,28.8224178062502
1.41417017028902,12.7275315326012,5275.76506635623,118.30059001185,29.2026978168492
1.43611968599908,12.9250771739917,5293.80460728682,119.447359617505,29.5890342738908
1.45840988294399,13.1256889464959,5312.12507930692,120.612335534431,29.9815308033984
1.48104604888067,13.3294144399261,5330.73091467095,121.795826885266,30.3802929262261
1.50403355363802,13.5363019827422,5349.62661807388,122.998148530146,30.7854280945698
1.52737785039071,13.7464006535164,5368.81676792779,124.219621181323,31.1970457292142
1.55108447695284,13.9597602925756,5388.30601766376,125.46057152016,31.615257257529
1.57515905709162,14.1764315138246,5408.09909705948,126.721332316559,32.0401761522338
1.59960730186149,14.3964657167534,5428.20081359326,128.002242550868,32.471917970944
1.62443501095887,14.6199150986298,5448.61605382499,129.303647538329,32.9106003965163
1.64964807409802,14.8468326668822,5469.34978480458,130.625899056113,33.3563432782106
1.67525247240822,15.0772722516739,5490.4070555086,131.969355472998,33.809268673684
1.70125427985259,15.3112885186733,5511.79299830564,133.334381881758,34.2695008918357
1.72765966466904,15.5489369820213,5533.51283045107,134.7213502343,34.7371665365205
1.75447489083346,15.7902740175011,5555.57185561183,136.130639479632,35.2123945511483
1.78170631954573,16.0353568759116,5577.97546542193,137.562635704701,35.6953162641892
1.80936041073872,16.2842436966484,5600.72914106929,139.01773227818,36.1860654356036
1.83744372461073,16.5369935214965,5623.83845491469,140.496329997256,36.6847783042149
1.86596292318175,16.7936663086357,5647.30907214344,141.998837237487,37.1915936360469
1.89492477187382,17.0543229468644,5671.14675245052,143.525670105803,37.706652773645
1.92433614111598,17.3190252700438,5695.35735176005,145.077252596694,38.2300996864022
1.95420400797405,17.5878360717665,5719.94682397961,146.654016751689,38.7620810219113
1.9845354578058,17.8608191202522,5744.92122279034,148.256402822165,39.3027461583648
2.01533768594173,18.1380391734756,5770.28670347363,149.884859435573,39.852247258025
2.04661799939199,18.4195619945279,5796.04952477507,151.539843765163,40.4107393217861
2.07838381857976,18.7054543672178,5822.21605080659,153.221821703256,40.9783802448529
2.11064267910155,18.995784111914,5848.79275298753,154.931268038176,41.5553308735579
2.14340223351486,19.2906201016337,5875.78621202566,156.668666634886,42.141755063343
2.17667025315346,19.5900322783811,5903.20311993884,158.434510619437,42.7378197379284
2.21045462997102,19.8940916697392,5931.05028211831,160.229302567296,43.3436949496953
2.24476337841322,20.202870405719,5959.33461943447,162.053554695637,43.9595539413082
2.27960463731898,20.5164417358708,5988.06317038624,163.907789059693,44.5855732086023
2.31498667185116,20.8348800466605,6017.24309329465,165.792537753248,45.2219325647632
2.35091787545729,21.1582608791156,6046.88166854194,167.708343113354,45.8688152058269
2.38740677186065,21.4866609467458,6076.98630085703,169.655757929382,46.5264077775278
2.42446201708233,21.820158153741,6107.56452164826,171.635345656481,47.194900443523
2.46209240149463,22.1588316134516,6138.6239913847,173.647680633559,47.8744869550231
2.50030685190632,22.5027616671569,6170.17250202688,175.693348305869,48.565364721859
2.53911443368035,22.8520299031231,6202.21797950802,177.772945452315,49.2677348850152
2.57852435288427,23.2067191759585,6234.76848626704,179.887080417566,49.981802390661
2.61854595847423,23.5669136262681,6267.8322238343,182.036373349093,50.7077760657121
2.65918874451269,23.9326987006142,6301.41753547124,184.221456439238,51.4458686949544
2.70046235242068,24.3041611717861,6335.53290886528,186.442974172416,52.196297099764
2.74237657326495,24.6813891593845,6370.18697888086,188.701583577566,52.9592822184577
2.78494135008064,25.0644721507258,6405.38853036817,190.99795448597,53.7350491883079
2.82816678023003,25.4535010220703,6441.14650103062,193.332769794553,54.5238274292591
2.87206311779783,25.8485680601805,6477.46998435234,195.706725734782,55.3258507293809
2.9166407760237,26.2497669842133,6514.36823258719,198.120532147295,56.1413573320959
2.96191032977255,26.657192967953,6551.85065981032,200.574912762374,56.9705900252196
3.0078825180431,27.0709426623879,6589.92684503396,203.070605486397,57.813796231852
3.05456824651543,27.4911142186389,6628.60653538858,205.608362694406,58.6712281031601
3.1019785901381,27.9178073112429,6667.89964937097,208.188951528907,59.5431426130927
3.15012479575533,28.351123161798,6707.81628016064,210.81315420506,60.4298016550673
3.19901828477506,28.7911645629756,6748.36669900606,213.481768322381,61.3314721406741
3.24867065587837,29.2380359029054,6789.56135868225,216.195607183114,62.2484261004376
3.29909368777094,29.6918431899384,6831.41089702117,218.955500117411,63.1809407866828
3.35029934197723,30.1526940777951,6873.92614051664,221.762292815465,64.1292987785491
3.40229976567807,30.6206978911026,6917.11810800525,224.616847666767,65.0937880891999
3.45510729459222,31.09596565133,6960.99801442507,227.520044106623,66.074702275274
3.50873445590271,31.5786101031244,7005.57727465365,230.472778970103,67.0723405486278
3.56319397122859,32.0687457410573,7050.86750742719,233.47596685358,68.0870078904171
3.61849875964275,32.5664888367847,7096.88053934249,236.530540484038,69.1190151675704
3.67466194073669,33.0719574666302,7143.62840894366,239.637451096298,70.1686792517038
3.73169683773275,33.5852715395948,7191.12337089519,242.797668818358,71.2363231405305
3.78961698064472,34.1065528258025,7239.3779002434,246.012183065015,72.3222760818202
3.84843610948743,34.6359249853869,7288.40469676815,249.282002939956,73.4268736999619
3.90816817753627,35.1735135978264,7338.21668942668,252.608157646503,74.550458125187
3.96882735463716,35.7194461917345,7388.82704089172,255.991696907198,75.6933781255111
4.03042803056805,36.2738522751125,7440.24915218574,259.43369139244,76.8559892414521
4.09298481845244,36.836863366072,7492.49666741347,262.935233158349,78.0386539235856
4.15651255822599,37.4086130240339,7545.58347859493,266.497436094088,79.2417416729986
4.2210263201569,37.9892368814121,7599.52373060087,270.121436378829,80.4656291847059
4.28654140842093,38.5788726757883,7654.33182619313,273.808392948593,81.7107004940902
4.35307336473189,39.177660282587,7710.02243117195,277.559487973171,82.9773471264357
4.42063797202853,39.7857417482568,7766.61047963268,281.375927343358,84.265968249619
4.48925125821861,40.4032613239674,7824.11117933412,285.258941168723,85.5769708300277
4.55892949998106,41.0303654998296,7882.54001718108,289.20978428615,86.910769791777
4.62968922662727,41.6672030396454,7941.91276482338,293.229736779392,88.2677881792942
4.70154722402213,42.3139250161992,8002.24548437403,297.320104509871,89.6484573233472
4.77452053856613,42.9706848470952,8063.554534249,301.482219658993,91.0532170105891
4.84862648123908,43.6376383311517,8125.85657513132,305.717441282212,92.4825156566983
4.92388263170674,44.3149436853607,8189.16857606207,310.027155875121,93.9368104831893
5.00030684249109,45.0027615824198,8253.50782066109,314.412777951828,95.416567697978
5.0779172432054,45.7012551888486,8318.8919134802,318.875750635889,96.9222626797796
5.15673224485497,46.4105902036947,8385.33878649171,323.417546264086,98.4543801664256
5.23677054420465,47.1309348978419,8452.86670571527,328.039667003325,100.013414447184
5.3180511282142,47.8624601539278,8521.49427798589,332.74364548095,101.59986955917
5.40059327854237,48.6053395068813,8591.24045786635,337.531045428779,103.214259487938
5.48441657612102,49.3597491850892,8662.12455470697,342.40346234115,104.857108372347
5.56954090580013,50.1258681522012,8734.16623985598,347.36252414731,106.528950713785
5.65598646106501,50.903878149585,8807.38555402381,352.409891898444,108.230331589862
5.74377374882658,51.6939637394393,8881.80291480448,357.547260469692,109.961806872657
5.8329235942862,52.4963123485758,8957.43912435766,362.776359277475,111.723943451623
5.9234571458758,53.3111143128822,9034.31537725475,368.098953012467,113.517319461255
6.01539588027484,54.1385629224735,9112.45326849253,373.516842388581,115.342524513617
6.10876160750504,54.9788544675453,9191.8748016781,379.031864908301,117.20015993585
6.20357647610427,55.8321882849384,9272.6023973888,384.645895644752,119.090839012751
6.29986297838069,56.6987668054262,9354.65890171078,390.360848040853,121.015187234545
6.39764395574843,57.5787956017358,9438.06759496023,396.178674725959,122.973842549969
6.49694260414612,58.4724834373151,9522.85220059118,402.101368350369,124.967455624774
6.59778247953954,59.3800423158558,9609.03689429396,408.130962438101,126.996690105765
6.70018750350959,60.3016875315863,9696.64631328834,414.269532258346,129.06222289051
6.8041819689271,61.2376377203439,9785.70556581572,420.519195716016,131.164744402837
6.90979054571564,62.1881149114408,9876.24024083462,426.882114261812,133.304958874239
7.01703828670383,63.1533445803344,9968.27641792391,433.360493822254,135.483584631334
7.12595063356841,64.1335557021157,10061.8406773983,439.956585750106,137.701354389492
7.23655342286965,65.1289808058269,10156.9601106406,446.672687795675,139.959015552791
7.34887289218038,66.1398560296235,10253.6623306557,453.511145099426,142.25733052041
7.46293568631013,67.1664211767912,10351.9754828512,460.474351206414,144.597076999631
7.57876886362593,68.2089197726333,10451.9282560485,467.564749103002,146.979048325577
7.69639990247116,69.2675991222404,10553.5498937316,474.784832276374,149.404053787836
7.81585670768409,70.3427103691568,10656.8702055363,482.137145797359,151.872918964137
7.93716761721755,71.434508554958,10761.9195789871,489.624287427074,154.386486061214
8.06036140886135,72.5432526797521,10868.7289914854,497.248908747935,156.94561426303
8.18546730706903,73.6692057636213,10977.3300225566,505.013716319576,159.551180086521
8.31251498989063,74.8126349090157,11087.7548663595,512.921472860225,162.204077745022
8.44153459601299,75.9738113641169,11200.0363444653,520.974998454139,164.905219519553
8.57255673190932,77.1530105871839,11314.207918912,529.17717178564,167.655536138126
8.70561247909987,78.3505123118988,11430.3037055388,537.53093140039,170.455977163268
8.84073340152506,79.5666006137256,11548.3584876092,546.039276994488,173.30751138792
8.97795155303332,80.8015639772999,11668.407729726,554.705270732032,176.211127239923
9.11729948498492,82.0556953648643,11790.4875920473,563.532038591774,179.167833195258
9.25881025397396,83.3292922857656,11914.6349448089,572.522771743534,182.178658200246
9.40251742967013,84.6226568670312,12040.8873831596,581.680727955025,185.244652102906
9.54845510278229,85.9360959250406,12169.2832423171,591.009233029798,188.366886093669
9.69665789314552,87.2699210383097,12299.8616130506,600.511682276978,191.546453155668
9.84716095793377,88.624448621404,12432.6623574981,610.191542013533,194.78446852479
10,90,12567.7261253254,620.05235109979,198.082070159743
