id,tags,alpha,a11,a12,a13,a21,a22,a23,a31,a32,a33,beta12,beta13,beta23,kappa,T1,T_alpha_hp40,T_alpha_label,T_alpha_certified_L,T_alpha_certified_U,m_Cain,m_frac,m_Cain_over_T1,m_frac_over_Talpha,band_position_(kappa-T1)/(Talpha-T1),x_star,D_star_geomean1,direct_margin_at_D_star_rad,direct_global_min_margin_float,direct_global_min_margin_alpha1_float,hurwitz_at_I,max_Re_eig_A,D_H_cain_minimiser_geomean1,max_Re_eig_D_H_A,g,L3,l123,l132,Phi,C11_certificate_passes,independent_checks_consistent
W01,1 symmetric cyclic (Siami); 10 non-Hurwitz at I,0.9,-1,0,-5/2,5/2,-1,0,0,5/2,-1,1,1,1,133/8,9.0,21.934967727204405243819593870570396,CERTIFIED (interval) + HP,21.934967727204405243819593870570396,21.934967727204405243819593870570396,7.625,5.3099677272044052438,0.847222222222,0.242077754262,0.589487361763,0.3333333333 0.3333333333 0.3333333333,1.0 1.0 1.0,0.042118712178783176342,0.04211871217878227,-0.11496092050070739,False,0.25,1.0 1.0 1.0,0.25,0 0 0,-125/8,0,-125/8,0.541353383458647,True,True
W02,1 symmetric cyclic (Siami); 10 non-Hurwitz at I,0.8,-1,0,-3,3,-1,0,0,3,-1,1,1,1,28,9.0,96.715494146741627374278386144364621,CERTIFIED (interval) + HP,96.715494146741627374278386144364621,96.715494146741627374278386144364621,19.0,68.715494146741627374,2.11111111111,0.710491061985,0.21660939364,0.3333333333 0.3333333333 0.3333333333,1.0 1.0 1.0,0.12403366201251249635,0.12403366201251176,-0.19012560334646755,False,0.5,1.0 1.0 1.0,0.5,0 0 0,-27,0,-27,0.321428571428571,True,True
W03,1 symmetric cyclic (Siami); 10 non-Hurwitz at I,0.95,-1,0,-21/10,21/10,-1,0,0,21/10,-1,1,1,1,10261/1000,9.0,13.417220438733938905204320193454135,CERTIFIED (interval) + HP,13.417220438733938905204320193454135,13.417220438733938905204320193454135,1.261,3.1562204387339389052,0.140111111111,0.235236534508,0.285473640605,0.3333333333 0.3333333333 0.3333333333,1.0 1.0 1.0,0.051053870139550422816,0.05105387013954954,-0.027485946200195288,False,0.05,1.0 1.0 1.0,0.05,0 0 0,-9261/1000,0,-9261/1000,0.877107494396258,True,True
W04,1 symmetric cyclic (Siami); 6 close to fractional boundary; 10 non-Hurwitz at I,0.9,-1,0,-11/4,11/4,-1,0,0,11/4,-1,1,1,1,1395/64,9.0,21.934967727204405243819593870570396,CERTIFIED (interval) + HP,21.934967727204405243819593870570396,21.934967727204405243819593870570396,12.796875,0.13809272720440524382,1.421875,0.00629555187506,0.989324076402,0.3333333333 0.3333333333 0.3333333333,1.0 1.0 1.0,0.00090276170099238706129,0.0009027617009917943,-0.15617687097849786,False,0.375,1.0 1.0 1.0,0.375,0 0 0,-1331/64,0,-1331/64,0.412903225806452,False,True
W05,1 symmetric cyclic (Siami); 5 close to Cain boundary; 10 non-Hurwitz at I,0.9,-1,0,-201/100,201/100,-1,0,0,201/100,-1,1,1,1,9120601/1000000,9.0,21.934967727204405243819593870570396,HP (40 digits),,,0.120601,12.814366727204405244,0.0134001111111,0.584198111735,0.00932364135292,0.3333333333 0.3333333333 0.3333333333,1.0 1.0 1.0,0.15420725118016245591,0.15420725118016176,-0.0028723814993278918,False,0.005,1.0 1.0 1.0,0.005,0 0 0,-8120601/1000000,0,-8120601/1000000,0.986777077519343,True,True
W06,1 symmetric cyclic (Siami); 7 close to alpha=2/3; 10 non-Hurwitz at I,0.67,-1,0,-150,150,-1,0,0,150,-1,1,1,1,3375001,9.0,4565800.4512395249849589413043874247,CERTIFIED (interval) + HP,4565800.4512395249849589413043874247,4565800.4512395249849589413043874247,3374992.0,1190799.451239524985,374999.111111,0.260808474649,0.73919101125,0.3333333333 0.3333333333 0.3333333333,1.0 1.0 1.0,0.000556759514938510471,0.0005567595149376103,-0.5178060283273782,False,74.0,1.0 1.0 1.0,74.0,0 0 0,-3375000,0,-3375000,2.66666587654344e-6,False,True
W07,1 symmetric cyclic (Siami); 7 close to alpha=2/3; 10 non-Hurwitz at I,0.68,-1,0,-40,40,-1,0,0,40,-1,1,1,1,64001,9.0,73264.519666338053218767509145716914,HP (40 digits),,,63992.0,9263.5196663380532188,7110.22222222,0.126439369405,0.873545096553,0.3333333333 0.3333333333 0.3333333333,1.0 1.0 1.0,0.00097723074588399040271,0.000977230745882851,-0.5016775938284839,False,19.0,1.0 1.0 1.0,19.0,0 0 0,-64000,0,-64000,0.000140622802768707,False,True
W08,1 symmetric cyclic (Siami); 8 close to alpha=1; 6 close to fractional boundary,0.999,-1,0,-401/200,401/200,-1,0,0,401/200,-1,1,1,1,72481201/8000000,9.0,9.0656537548974692422806340856183321,CERTIFIED (interval) + HP,9.0656537548974692422806340856183321,9.0656537548974692422806340856183321,0.060150125,0.0055036298974692422806,0.00668334722222,0.000607085825939,0.916171894417,0.3333333333 0.3333333333 0.3333333333,1.0 1.0 1.0,0.00013102108926464651394,0.00013102108926377198,-0.0014397752375310269,False,0.0025,1.0 1.0 1.0,0.0025,0 0 0,-64481201/8000000,0,-64481201/8000000,0.993361023363837,False,True
W09,1 symmetric cyclic (Siami); 8 close to alpha=1,0.99,-1,0,-203/100,203/100,-1,0,0,203/100,-1,1,1,1,9365427/1000000,9.0,9.6902378055158785835363633661820446,HP (40 digits),,,0.365427,0.32481080551587858354,0.040603,0.0335193843572,0.529421884863,0.3333333333 0.3333333333 0.3333333333,1.0 1.0 1.0,0.0071759003195842454307,0.007175900319583484,-0.008532062948365393,False,0.015,1.0 1.0 1.0,0.015,0 0 0,-8365427/1000000,0,-8365427/1000000,0.960981277201776,True,True
W10,2 generic nonsymmetric strict-P; 10 non-Hurwitz at I,0.8,-1,-3,0,0,-1,-2,-2,0,-1,1,1,1,13,9.0,96.715494146741627374278386144364621,CERTIFIED (interval) + HP,96.715494146741627374278386144364621,96.715494146741627374278386144364621,4.0,83.715494146741627374,0.444444444444,0.865585135922,0.0456019776085,0.3333333333 0.3333333333 0.3333333333,1.0 1.0 1.0,0.24130011020478262667,0.24130011020478204,-0.07285915515419727,False,0.144714242553332,1.0 1.0 1.0,0.144714242553332,0 0 0,-12,-12,0,0.692307692307692,True,True
W11,2 generic nonsymmetric strict-P; 10 non-Hurwitz at I,0.8,-1,-3,0,0,-1,2,2,0,-1,1,1,1,13,9.0,96.715494146741627374278386144364621,CERTIFIED (interval) + HP,96.715494146741627374278386144364621,96.715494146741627374278386144364621,4.0,83.715494146741627374,0.444444444444,0.865585135922,0.0456019776085,0.3333333333 0.3333333333 0.3333333333,1.0 1.0 1.0,0.24130011020478262667,0.24130011020478204,-0.07285915515419727,False,0.144714242553332,1.0 1.0 1.0,0.144714242553332,0 0 0,-12,-12,0,0.692307692307692,True,True
W12,2 generic nonsymmetric strict-P; 10 non-Hurwitz at I,0.8,-1,-2,0,0,-1,-3,-2,0,-1,1,1,1,13,9.0,96.715494146741627374278386144364621,CERTIFIED (interval) + HP,96.715494146741627374278386144364621,96.715494146741627374278386144364621,4.0,83.715494146741627374,0.444444444444,0.865585135922,0.0456019776085,0.3333333333 0.3333333333 0.3333333333,1.0 1.0 1.0,0.24130011020478262667,0.24130011020478204,-0.07285915515419727,False,0.144714242553332,1.0 1.0 1.0,0.144714242553332,0 0 0,-12,-12,0,0.692307692307692,True,True
W13,2 generic nonsymmetric strict-P; 10 non-Hurwitz at I,0.8,-1,-2,0,0,-1,-2,-3,0,-1,1,1,1,13,9.0,96.715494146741627374278386144364621,HP (40 digits),,,4.0,83.715494146741627374,0.444444444444,0.865585135922,0.0456019776085,0.3333333333 0.3333333333 0.3333333333,1.0 1.0 1.0,0.24130011020478262667,0.24130011020478181,-0.0728591551541975,False,0.144714242553332,1.0 1.0 1.0,0.144714242553332,0 0 0,-12,-12,0,0.692307692307692,True,True
W14,3 strong antagonistic pair loops; 10 non-Hurwitz at I,0.7,-1,-3,-1/2,1/2,-1,3,3,-1/2,-1,5/2,5/2,5/2,259/8,22.5,6169.9191476022891266883536133970578,HP (40 digits),,,9.875,6137.5441476022891267,0.438888888889,0.994752767544,0.00160636516933,0.3333333333 0.3333333333 0.3333333333,1.0 1.0 1.0,0.38894655479752160782,0.38894655479752105,-0.08229234324094792,False,0.25,1.0 1.0 1.0,0.25,-3/2 -3/2 -3/2,-215/8,-27,1/8,0.694980694980695,True,True
W15,3 strong antagonistic pair loops; 10 non-Hurwitz at I,0.7,-1,-3,1/2,1/2,-1,-3,-3,1/2,-1,5/2,5/2,5/2,259/8,22.5,6169.9191476022891266883536133970578,HP (40 digits),,,9.875,6137.5441476022891267,0.438888888889,0.994752767544,0.00160636516933,0.3333333333 0.3333333333 0.3333333333,1.0 1.0 1.0,0.38894655479752160782,0.38894655479752105,-0.08229234324094792,False,0.25,1.0 1.0 1.0,0.25,-3/2 -3/2 -3/2,-215/8,-27,1/8,0.694980694980695,True,True
W16,3 strong antagonistic pair loops; 10 non-Hurwitz at I,0.7,-1,-1/2,-3,3,-1,-1/2,1/2,3,-1,5/2,5/2,5/2,259/8,22.5,6169.9191476022891266883536133970578,HP (40 digits),,,9.875,6137.5441476022891267,0.438888888889,0.994752767544,0.00160636516933,0.3333333333 0.3333333333 0.3333333333,1.0 1.0 1.0,0.38894655479752160782,0.38894655479752127,-0.0822923432409477,False,0.25,1.0 1.0 1.0,0.25,-3/2 -3/2 -3/2,-215/8,1/8,-27,0.694980694980695,True,True
W17,3 strong antagonistic pair loops; 10 non-Hurwitz at I,0.7,-1,-1/2,3,3,-1,1/2,-1/2,-3,-1,5/2,5/2,5/2,259/8,22.5,6169.9191476022891266883536133970578,HP (40 digits),,,9.875,6137.5441476022891267,0.438888888889,0.994752767544,0.00160636516933,0.3333333333 0.3333333333 0.3333333333,1.0 1.0 1.0,0.38894655479752160782,0.38894655479752127,-0.0822923432409477,False,0.25,1.0 1.0 1.0,0.25,-3/2 -3/2 -3/2,-215/8,1/8,-27,0.694980694980695,True,True
W18,4 mixed ecological signs; 10 non-Hurwitz at I,0.7,-1,-3,-1/2,0,-1,-2,-3/2,1/2,-1,1,1/4,2,41/4,8.49264068711928514640506617263,4991.7391430065662495365232504347215,HP (40 digits),,,1.7573593128807148536,4981.4891430065662495,0.206927312437,0.997946607444,0.00035265349849,0.3508048166 0.3169427969 0.3322523863,1.0533208966 0.9516473412 0.9976156678,0.45488925721611757332,0.4351864949588107,-0.03605240307965829,False,0.0200131920304887,1.5874010519 0.5612310241 1.1224620483,0.0622042923743258,0 3/4 -1,-9,-9,0,0.828550310938467,True,True
W19,4 mixed ecological signs; 10 non-Hurwitz at I,0.7,-1,-3,-1/2,0,-1,3/2,2,1/2,-1,1,2,1/4,41/4,8.49264068711928514640506617263,4991.7391430065662495365232504347215,HP (40 digits),,,1.7573593128807148536,4981.4891430065662495,0.206927312437,0.997946607444,0.00035265349849,0.3169427969 0.3508048166 0.3322523863,0.9516473412 1.0533208966 0.9976156678,0.45488925721611757332,0.4351864949588109,-0.03605240307965807,False,0.0200131920304887,0.5612310241 1.5874010519 1.1224620483,0.0622042923743258,0 -1 3/4,-9,-9,0,0.828550310938467,True,True
W20,4 mixed ecological signs; 10 non-Hurwitz at I,0.7,-1,-3,1/2,0,-1,-3/2,-2,-1/2,-1,1,2,1/4,41/4,8.49264068711928514640506617263,4991.7391430065662495365232504347215,HP (40 digits),,,1.7573593128807148536,4981.4891430065662495,0.206927312437,0.997946607444,0.00035265349849,0.3169427969 0.3508048166 0.3322523863,0.9516473412 1.0533208966 0.9976156678,0.45488925721611757332,0.4351864949588109,-0.03605240307965807,False,0.0200131920304887,0.5612310241 1.5874010519 1.1224620483,0.0622042923743258,0 -1 3/4,-9,-9,0,0.828550310938467,True,True
W21,4 mixed ecological signs; 10 non-Hurwitz at I,0.7,-1,-3,1/2,0,-1,2,3/2,-1/2,-1,1,1/4,2,41/4,8.49264068711928514640506617263,4991.7391430065662495365232504347215,HP (40 digits),,,1.7573593128807148536,4981.4891430065662495,0.206927312437,0.997946607444,0.00035265349849,0.3508048166 0.3169427969 0.3322523863,1.0533208966 0.9516473412 0.9976156678,0.45488925721611757332,0.4351864949588107,-0.03605240307965829,False,0.0200131920304887,1.5874010519 0.5612310241 1.1224620483,0.0622042923743258,0 3/4 -1,-9,-9,0,0.828550310938467,True,True
W22,"9 Hurwitz at I, not D-stable; 2 generic nonsymmetric strict-P",0.7,-1,-3/2,0,-1/2,-1,-3,-3,0,-2,1/4,1,1,7,6.25,4726.9397010403383697411696409746509,HP (40 digits),,,0.75,4719.9397010403383697,0.12,0.998519126445,0.000158875089764,0.3384538075 0.3384538075 0.3230923848,1.2795803414 1.2795803414 0.6107519770,0.46209284707788104727,0.45051844393720386,-0.020720454101265107,True,-0.0788951507643413,1.5874010519 1.5874010519 0.3968502629,0.0384323697163698,3/4 0 0,-27/4,-27/4,0,0.892857142857143,True,True
W23,"9 Hurwitz at I, not D-stable; 2 generic nonsymmetric strict-P",0.7,-1,-3/2,0,-1/2,-1,3,3,0,-2,1/4,1,1,7,6.25,4726.9397010403383697411696409746509,HP (40 digits),,,0.75,4719.9397010403383697,0.12,0.998519126445,0.000158875089764,0.3384538075 0.3384538075 0.3230923848,1.2795803414 1.2795803414 0.6107519770,0.46209284707788104727,0.45051844393720386,-0.020720454101265107,True,-0.0788951507643413,1.5874010519 1.5874010519 0.3968502629,0.0384323697163698,3/4 0 0,-27/4,-27/4,0,0.892857142857143,True,True
W24,"9 Hurwitz at I, not D-stable; 2 generic nonsymmetric strict-P",0.7,-1,-1/2,-3,-3/2,-1,0,0,-3,-2,1/4,1,1,7,6.25,4726.9397010403383697411696409746509,HP (40 digits),,,0.75,4719.9397010403383697,0.12,0.998519126445,0.000158875089764,0.3384538075 0.3384538075 0.3230923848,1.2795803414 1.2795803414 0.6107519770,0.46209284707788104727,0.45051844393720364,-0.02072045410126533,True,-0.0788951507643413,1.5874010519 1.5874010519 0.3968502629,0.0384323697163698,3/4 0 0,-27/4,0,-27/4,0.892857142857143,True,True
W25,"9 Hurwitz at I, not D-stable; 2 generic nonsymmetric strict-P",0.7,-1,-1/2,3,-3/2,-1,0,0,3,-2,1/4,1,1,7,6.25,4726.9397010403383697411696409746509,HP (40 digits),,,0.75,4719.9397010403383697,0.12,0.998519126445,0.000158875089764,0.3384538075 0.3384538075 0.3230923848,1.2795803414 1.2795803414 0.6107519770,0.46209284707788104727,0.45051844393720364,-0.02072045410126533,True,-0.0788951507643413,1.5874010519 1.5874010519 0.3968502629,0.0384323697163698,3/4 0 0,-27/4,0,-27/4,0.892857142857143,True,True
W26,5 close to Cain boundary (integer),0.7,-1,-3,0,0,-1,-3,-3/2,3/2,-1,1,1,11/2,19,18.8808315196468591091312602271,6083.8910909070977741602131294574227,HP (40 digits),,,0.11916848035314089087,6064.8910909070977742,0.00631161187097,0.996876998665,1.96485208197e-5,0.3808272615 0.3095863692 0.3095863692,1.1480588022 0.9332928391 0.9332928391,0.49551059767494319359,0.469740438597799,-0.0014984594406699525,True,-0.115368231547812,1.7651741676 0.7526727940 0.7526727940,0.00360754046083817,0 0 -9/2,-27/2,-27/2,0,0.993727974718256,True,True
W27,5 close to Cain boundary (integer),0.7,-1,-3,0,0,-1,3,3/2,-3/2,-1,1,1,11/2,19,18.8808315196468591091312602271,6083.8910909070977741602131294574227,HP (40 digits),,,0.11916848035314089087,6064.8910909070977742,0.00631161187097,0.996876998665,1.96485208197e-5,0.3808272615 0.3095863692 0.3095863692,1.1480588022 0.9332928391 0.9332928391,0.49551059767494319359,0.469740438597799,-0.0014984594406699525,True,-0.115368231547812,1.7651741676 0.7526727940 0.7526727940,0.00360754046083817,0 0 -9/2,-27/2,-27/2,0,0.993727974718256,True,True
W28,6 close to fractional boundary (integer),0.9,-1,-3,0,1/2,-1,-3,-3,0,-1,5/2,1,1,59/2,12.8245553203367586639977870889,29.649830510206932823217669493803999,HP (40 digits),,,16.675444679663241336,0.14983051020693282322,1.30027468892,0.00505333445853,0.991094914733,0.2907359705 0.2907359705 0.4185280588,0.8856417117 0.8856417117 1.2749227612,0.00076839261403170970156,0.0007683822774593452,-0.1563112504020303,False,0.416757142587905,0.8583742189 0.8583742189 1.3572088082,0.425788810737596,-3/2 0 0,-27,-27,0,0.434730688824975,False,True
W29,6 close to fractional boundary (integer),0.9,-1,-3,0,1/2,-1,3,3,0,-1,5/2,1,1,59/2,12.8245553203367586639977870889,29.649830510206932823217669493803999,HP (40 digits),,,16.675444679663241336,0.14983051020693282322,1.30027468892,0.00505333445853,0.991094914733,0.2907359705 0.2907359705 0.4185280588,0.8856417117 0.8856417117 1.2749227612,0.00076839261403170970156,0.0007683822774593452,-0.1563112504020303,False,0.416757142587905,0.8583742189 0.8583742189 1.3572088082,0.425788810737596,-3/2 0 0,-27,-27,0,0.434730688824975,False,True
W30,6 close to fractional boundary (decimal-tuned); 2 generic nonsymmetric strict-P,0.7,-1,-1628,0,0,-1,-2,-3/2,0,-1,1,1,1,4885,9.0,4935.488727323178038696479026514598,CERTIFIED (interval) + HP,4935.488727323178038696479026514598,4935.488727323178038696479026514598,4876.0,50.488727323178038696,541.777777778,0.0102297320717,0.989751579651,0.3333333333 0.3333333333 0.3333333333,1.0 1.0 1.0,0.00018492614111940688609,0.00018492614111842443,-0.47105397189735054,False,7.48324264858379,1.0 1.0 1.0,7.48324264858379,0 0 0,-4884,-4884,0,0.00184237461617195,False,True
W31,5 close to Cain boundary (decimal-tuned); 2 generic nonsymmetric strict-P,0.7,-1,-1909/100,0,0,-1,-2,-3/2,0,-1,1,1,1,5827/100,9.0,4935.488727323178038696479026514598,HP (40 digits),,,49.27,4877.2187273231780387,5.47444444444,0.988193671748,0.0100010378034,0.3333333333 0.3333333333 0.3333333333,1.0 1.0 1.0,0.20028673858679752308,0.20028673858679635,-0.2709521594516726,False,0.927284071289367,1.0 1.0 1.0,0.927284071289367,0 0 0,-5727/100,-5727/100,0,0.154453406555689,True,True
W32,6 close to fractional boundary (decimal-tuned); 2 generic nonsymmetric strict-P,0.7,-1,-1628,0,0,-1,-3/2,-2,0,-1,1,1,1,4885,9.0,4935.488727323178038696479026514598,HP (40 digits),,,4876.0,50.488727323178038696,541.777777778,0.0102297320717,0.989751579651,0.3333333333 0.3333333333 0.3333333333,1.0 1.0 1.0,0.00018492614111940688609,0.00018492614111842443,-0.47105397189735054,False,7.48324264858379,1.0 1.0 1.0,7.48324264858379,0 0 0,-4884,-4884,0,0.00184237461617195,False,True
W33,5 close to Cain boundary (decimal-tuned); 2 generic nonsymmetric strict-P,0.7,-1,-1909/100,0,0,-1,-3/2,-2,0,-1,1,1,1,5827/100,9.0,4935.488727323178038696479026514598,HP (40 digits),,,49.27,4877.2187273231780387,5.47444444444,0.988193671748,0.0100010378034,0.3333333333 0.3333333333 0.3333333333,1.0 1.0 1.0,0.20028673858679752308,0.20028673858679658,-0.2709521594516724,False,0.927284071289367,1.0 1.0 1.0,0.927284071289367,0 0 0,-5727/100,-5727/100,0,0.154453406555689,True,True
W34,8 close to alpha=1 (integer),0.99,-1,-1/2,-3,2,-1,-1/2,0,2,-1,2,1,2,15,14.6568542494923801952067548968,15.678985953803934703980283438551043,HP (40 digits),,,0.34314575050761980479,0.67898595380393470398,0.0234119644411,0.0433054762473,0.335715787956,0.3688258717 0.2623482564 0.3688258717,1.1202485706 0.7968401400 1.1202485706,0.010250280501429711323,0.010249595310618753,-0.005458367957330124,False,9.32138536571418e-52,1.1224620483 0.7937005259 1.1224620483,0.0120790632207363,-1 0 -1,-12,0,-12,0.977123616632825,True,True
W35,8 close to alpha=1 (integer),0.99,-1,-1/2,3,2,-1,1/2,0,-2,-1,2,1,2,15,14.6568542494923801952067548968,15.678985953803934703980283438551043,HP (40 digits),,,0.34314575050761980479,0.67898595380393470398,0.0234119644411,0.0433054762473,0.335715787956,0.3688258717 0.2623482564 0.3688258717,1.1202485706 0.7968401400 1.1202485706,0.010250280501429711323,0.010249595310618753,-0.005458367957330124,False,9.32138536571418e-52,1.1224620483 0.7937005259 1.1224620483,0.0120790632207363,-1 0 -1,-12,0,-12,0.977123616632825,True,True
