alpha,R3,R3^3,s,t_boundary,margin_simplex_inside,margin_direct_eig_inside,margin_simplex_outside,margin_direct_eig_outside
1.0,2.0,8.0,0.0,7.999999999999716,1.9245022220282237e-07,1.9245022486735763e-07,-1.9244995619338567e-07,-1.9244995397293962e-07
1.0,2.0,8.0,0.16,7.839999999999861,1.8860121397956675e-07,1.8860121486774517e-07,-1.8860096195894016e-07,-1.8860096107076174e-07
1.0,2.0,8.0,0.48,7.519999999999811,1.809032015298584e-07,1.8090320264008142e-07,-1.80902966828711e-07,-1.8090296594053257e-07
1.0,2.0,8.0,0.8,7.200000000000102,1.7320518175267807e-07,1.7320518219676728e-07,-1.732049801361768e-07,-1.7320497880390917e-07
1.0,2.0,8.0,1.1199999999999999,6.880000000000052,1.6550717019114813e-07,1.6550717041319274e-07,-1.655069841177692e-07,-1.6550698367368e-07
1.0,2.0,8.0,1.44,6.560000000000002,1.57809159295752e-07,1.5780916018393043e-07,-1.578089876552724e-07,-1.578089872111832e-07
1.0,2.0,8.0,1.76,6.239999999999952,1.501111486224005e-07,1.501111488444451e-07,-1.501109911927756e-07,-1.501109911927756e-07
1.0,2.0,8.0,2.08,5.919999999999902,1.424131386151828e-07,1.424131388372274e-07,-1.424129942861896e-07,-1.4241299362005577e-07
1.0,2.0,8.0,2.4000000000000004,5.599999999999852,1.3471512860796508e-07,1.347151292740989e-07,-1.3471499671346976e-07,-1.3471499604733594e-07
1.0,2.0,8.0,2.72,5.279999999999802,1.270171194889258e-07,1.2701712015505962e-07,-1.2701699914074993e-07,-1.2701699847461612e-07
1.0,2.0,8.0,3.04,4.960000000000093,1.1931910215423613e-07,1.1931910326445916e-07,-1.1931900911754667e-07,-1.1931900800732365e-07
1.0,2.0,8.0,3.3600000000000003,4.640000000000043,1.1162109370133066e-07,1.1162109436746448e-07,-1.1162101021255921e-07,-1.1162100976847e-07
1.0,2.0,8.0,3.68,4.319999999999993,1.039230854704698e-07,1.0392308635864822e-07,-1.0392301130757176e-07,-1.0392301064143794e-07
1.0,2.0,8.0,4.0,3.999999999999943,9.622507790574275e-08,9.622507834983196e-08,-9.622501173645048e-08,-9.622501129236127e-08
1.0,2.0,8.0,4.32,3.679999999999893,8.85270703410157e-08,8.852707167328333e-08,-8.852701216532921e-08,-8.852701127715079e-08
1.0,2.0,8.0,4.640000000000001,3.359999999999843,8.082906344242247e-08,8.082906455264549e-08,-8.082901170602952e-08,-8.082900992967268e-08
1.0,2.0,8.0,4.96,3.040000000000134,7.313104877226806e-08,7.313104966044648e-08,-7.31310192403356e-08,-7.3131019018291e-08
1.0,2.0,8.0,5.28,2.720000000000084,6.543304276185324e-08,6.543304365003166e-08,-6.54330181149021e-08,-6.543301767081289e-08
1.0,2.0,8.0,5.6000000000000005,2.400000000000034,5.773503719552764e-08,5.773503852779527e-08,-5.7735016767423986e-08,-5.7735015435156356e-08
1.0,2.0,8.0,5.92,2.079999999999984,5.003703185124664e-08,5.003703296146966e-08,-5.003701475381206e-08,-5.0037013643589034e-08
1.0,2.0,8.0,6.24,1.759999999999934,4.233902695105485e-08,4.233902761718866e-08,-4.233901251815553e-08,-4.233901207406632e-08
1.0,2.0,8.0,6.5600000000000005,1.439999999999884,3.464102249495227e-08,3.464102360517529e-08,-3.464100961636518e-08,-3.464100961636518e-08
1.0,2.0,8.0,6.88,1.119999999999834,2.6943018482938896e-08,2.694302003725113e-08,-2.694300649253023e-08,-2.6943005826396416e-08
1.0,2.0,8.0,7.2,0.8000000000001251,1.9245006921408958e-08,1.9245008031631983e-08,-1.9245011362301057e-08,-1.9245010474122637e-08
1.0,2.0,8.0,7.5200000000000005,0.48000000000007503,1.1547003575529402e-08,1.1547004463707822e-08,-1.1547007350287686e-08,-1.1547006462109266e-08
1.0,2.0,8.0,7.84,0.160000000000025,3.849000673739056e-09,3.849000895783661e-09,-3.849002894185105e-09,-3.849002450095895e-09
1.0,2.0,8.0,7.96,0.04000000000013415,9.622467267433876e-10,9.622473928772024e-10,-9.62254276259955e-10,-9.622538321707452e-10
0.99,2.0559405561055195,8.690237805515874,0.0,8.690237805515565,1.8716761251980074e-07,1.8716761429615758e-07,-1.8716735139534535e-07,-1.8716734984103311e-07
0.99,2.0559405561055195,8.690237805515874,0.17380475611031748,8.516433049405407,1.834242553400145e-07,1.834242557841037e-07,-1.8342400931459224e-07,-1.8342400864845843e-07
0.99,2.0559405561055195,8.690237805515874,0.5214142683309524,8.168823537184718,1.7593754786382476e-07,1.7593754786382476e-07,-1.7593731871379248e-07,-1.7593731782561406e-07
0.99,2.0559405561055195,8.690237805515874,0.8690237805515875,7.821214024964398,1.6845083239402925e-07,1.6845083306016306e-07,-1.6845063477433087e-07,-1.6845063477433087e-07
0.99,2.0559405561055195,8.690237805515874,1.2166332927722223,7.473604512743709,1.6096412536192872e-07,1.6096412602806254e-07,-1.609639437294419e-07,-1.609639441735311e-07
0.99,2.0559405561055195,8.690237805515874,1.5642428049928574,7.1259950005230195,1.53477418995962e-07,1.5347741944005122e-07,-1.534772515743299e-07,-1.5347725046410687e-07
0.99,2.0559405561055195,8.690237805515874,1.9118523172134922,6.77838548830233,1.459907126299953e-07,1.4599071329612912e-07,-1.459905591971733e-07,-1.4599055853103948e-07
0.99,2.0559405561055195,8.690237805515874,2.2594618294341275,6.430775976081641,1.38504007152207e-07,1.3850400737425161e-07,-1.385038663759275e-07,-1.3850386570979367e-07
0.99,2.0559405561055195,8.690237805515874,2.6070713416547626,6.083166463860952,1.3101730167441872e-07,1.3101730278464174e-07,-1.3101717311059247e-07,-1.3101717266650326e-07
0.99,2.0559405561055195,8.690237805515874,2.9546808538753973,5.735556951640632,1.2353058864711386e-07,1.235305899793815e-07,-1.2353048739477401e-07,-1.235304871727294e-07
0.99,2.0559405561055195,8.690237805515874,3.3022903660960323,5.3879474394199445,1.160438845015932e-07,1.1604388494568241e-07,-1.1604379368534978e-07,-1.1604379235308215e-07
0.99,2.0559405561055195,8.690237805515874,3.6498998783166674,5.040337927199253,1.0855718013402793e-07,1.0855718102220635e-07,-1.0855709886570253e-07,-1.085570977554795e-07
0.99,2.0559405561055195,8.690237805515874,3.9975093905373025,4.692728414978566,1.0107047643259648e-07,1.010704770987303e-07,-1.0107040404605527e-07,-1.0107040271378764e-07
0.99,2.0559405561055195,8.690237805515874,4.345118902757937,4.345118902757875,9.358377317525424e-08,9.358377361934345e-08,-9.35837085602742e-08,-9.35837085602742e-08
0.99,2.0559405561055195,8.690237805515874,4.692728414978572,3.997509390537186,8.60970703620012e-08,8.609707147222423e-08,-8.609701329653774e-08,-8.609701196427011e-08
0.99,2.0559405561055195,8.690237805515874,5.040337927199207,3.649899878316497,7.861036754874817e-08,7.86103686589712e-08,-7.861031714462285e-08,-7.861031603439983e-08
0.99,2.0559405561055195,8.690237805515874,5.387947439419842,3.302290366096178,7.112365763006778e-08,7.11236582962016e-08,-7.112362876426914e-08,-7.112362854222454e-08
0.99,2.0559405561055195,8.690237805515874,5.735556951640477,2.9546808538754896,6.363695592703777e-08,6.363695637112698e-08,-6.363693194622044e-08,-6.363693105804202e-08
0.99,2.0559405561055195,8.690237805515874,6.0831664638611125,2.6070713416548004,5.615025444605237e-08,5.615025511218619e-08,-5.615023490612714e-08,-5.615023446203793e-08
0.99,2.0559405561055195,8.690237805515874,6.430775976081747,2.2594618294341102,4.8663553631200784e-08,4.86635542973346e-08,-4.866353719990002e-08,-4.86635363117216e-08
0.99,2.0559405561055195,8.690237805515874,6.778385488302382,1.9118523172134205,4.1176853260438406e-08,4.1176854148616826e-08,-4.1176838827539086e-08,-4.1176838827539086e-08
0.99,2.0559405561055195,8.690237805515874,7.125995000523018,1.5642428049927313,3.369015333376524e-08,3.369015444398826e-08,-3.369014045517815e-08,-3.369013956699973e-08
0.99,2.0559405561055195,8.690237805515874,7.473604512743652,1.216633292772042,2.620345340709207e-08,2.620345385118128e-08,-2.620344163872801e-08,-2.62034411946388e-08
0.99,2.0559405561055195,8.690237805515874,7.821214024964287,0.8690237805517234,1.871674570885773e-08,1.871674659703615e-08,-1.8716750371794433e-08,-1.8716749927705223e-08
0.99,2.0559405561055195,8.690237805515874,8.168823537184922,0.5214142683310341,1.123004711445219e-08,1.1230047780586006e-08,-1.123005066716587e-08,-1.123005022307666e-08
0.99,2.0559405561055195,8.690237805515874,8.516433049405556,0.17380475611034468,3.743348520046652e-09,3.743349186180467e-09,-3.743350962537306e-09,-3.743349630269677e-09
0.99,2.0559405561055195,8.690237805515874,8.646786616488296,0.0434511890277251,9.358338548537404e-10,9.3583474303216e-10,-9.35841182325703e-10,-9.35840738236493e-10
0.95,2.315660016952016,12.417220438733931,0.0,12.417220438734022,1.651930985335781e-07,1.6519309964380113e-07,-1.6519287959759765e-07,-1.651928773771516e-07
0.95,2.315660016952016,12.417220438733931,0.24834440877467864,12.168876029959035,1.618892393473459e-07,1.618892400134797e-07,-1.618890186350086e-07,-1.6188901774683018e-07
0.95,2.315660016952016,12.417220438733931,0.7450332263240359,11.672187212409602,1.5528151231514187e-07,1.5528151275923108e-07,-1.552813067018377e-07,-1.552813069238823e-07
0.95,2.315660016952016,12.417220438733931,1.2417220438733931,11.175498394860691,1.486737786215997e-07,1.4867377950977811e-07,-1.4867360143000496e-07,-1.4867360076387115e-07
0.95,2.315660016952016,12.417220438733931,1.7384108614227503,10.678809577311258,1.4206605225552948e-07,1.4206605225552948e-07,-1.4206588860865565e-07,-1.4206588838661105e-07
0.95,2.315660016952016,12.417220438733931,2.2350996789721074,10.18212075976182,1.3545832611150388e-07,1.354583272217269e-07,-1.3545817578730635e-07,-1.3545817534321714e-07
0.95,2.315660016952016,12.417220438733931,2.7317884965214647,9.685431942212391,1.2885060018952288e-07,1.2885060041156748e-07,-1.2885046229982322e-07,-1.28850461855734e-07
0.95,2.315660016952016,12.417220438733931,3.228477314070822,9.188743124662958,1.222428749336757e-07,1.222428753777649e-07,-1.222427488123401e-07,-1.2224274814620628e-07
0.95,2.315660016952016,12.417220438733931,3.72516613162018,8.692054307113521,1.1563515012191772e-07,1.1563515078805153e-07,-1.1563503443667855e-07,-1.1563503377054474e-07
0.95,2.315660016952016,12.417220438733931,4.221854949169537,8.195365489564614,1.0902741842677699e-07,1.090274190929108e-07,-1.0902732716644437e-07,-1.0902732627826595e-07
0.95,2.315660016952016,12.417220438733931,4.718543766718894,7.698676672015184,1.0241969405910822e-07,1.0241969472524204e-07,-1.0241961234669361e-07,-1.024196116805598e-07
0.95,2.315660016952016,12.417220438733931,5.215232584268252,7.201987854465749,9.581196991348406e-08,9.581197102370709e-08,-9.581189708285365e-08,-9.581189641671983e-08
0.95,2.315660016952016,12.417220438733931,5.711921401817609,6.705299036916312,8.920424621194911e-08,8.920424710012753e-08,-8.920418137492447e-08,-8.920418093083526e-08
0.95,2.315660016952016,12.417220438733931,6.208610219366966,6.208610219366879,8.259652339859258e-08,8.2596524286771e-08,-8.25964654449507e-08,-8.25964658890399e-08
0.95,2.315660016952016,12.417220438733931,6.7052990369163235,5.711921401817442,7.598880036319144e-08,7.598880147341447e-08,-7.598874951497692e-08,-7.59887486267985e-08
0.95,2.315660016952016,12.417220438733931,7.201987854465681,5.2152325842680085,6.938107821596873e-08,6.938107866005794e-08,-6.938103269682472e-08,-6.938103225273551e-08
0.95,2.315660016952016,12.417220438733931,7.698676672015037,4.718543766719101,6.277334874127405e-08,6.277334940740786e-08,-6.277332276205527e-08,-6.277332231796606e-08
0.95,2.315660016952016,12.417220438733931,8.195365489564395,4.2218549491696695,5.616562703814054e-08,5.616562792631896e-08,-5.616560527776926e-08,-5.616560438959084e-08
0.95,2.315660016952016,12.417220438733931,8.692054307113752,3.7251661316202327,4.955790555705164e-08,4.9557905779096245e-08,-4.955788801552785e-08,-4.955788712734943e-08
0.95,2.315660016952016,12.417220438733931,9.188743124663109,3.2284773140707976,4.295018474209655e-08,4.295018563027497e-08,-4.295016964306342e-08,-4.2950168532840394e-08
0.95,2.315660016952016,12.417220438733931,9.685431942212468,2.7317884965213626,3.6342463927141466e-08,3.6342464815319886e-08,-3.6342451270598986e-08,-3.6342450382420566e-08
0.95,2.315660016952016,12.417220438733931,10.182120759761824,2.2350996789719275,2.9734743778320194e-08,2.97347440003648e-08,-2.9734732232000738e-08,-2.9734731787911528e-08
0.95,2.315660016952016,12.417220438733931,10.678809577311181,1.738410861422493,2.3127023629498922e-08,2.3127023407454317e-08,-2.312701319340249e-08,-2.312701274931328e-08
0.95,2.315660016952016,12.417220438733931,11.175498394860538,1.2417220438735872,1.6519297041384107e-08,1.6519297485473317e-08,-1.6519300594097786e-08,-1.6519299705919366e-08
0.95,2.315660016952016,12.417220438733931,11.672187212409897,0.7450332263241524,9.911577780741254e-09,9.911578002785859e-09,-9.911581333454933e-09,-9.911580223231908e-09
0.95,2.315660016952016,12.417220438733931,12.168876029959252,0.24834440877471753,3.3038589641876115e-09,3.3038594082768213e-09,-3.303860740544451e-09,-3.303860518499846e-09
0.95,2.315660016952016,12.417220438733931,12.355134336540262,0.06208610219387789,8.259615214001315e-10,8.259621875339462e-10,-8.259681827382792e-10,-8.259670725152546e-10
0.9,2.756073309145875,20.934967727204402,0.0,20.934967727203663,1.3623776573545854e-07,1.3623776751181538e-07,-1.3623757100234002e-07,-1.3623756900393857e-07
0.9,2.756073309145875,20.934967727204402,0.418699354544088,20.516268372659944,1.3351300687247658e-07,1.3351300709452119e-07,-1.335128230195437e-07,-1.3351282190932068e-07
0.9,2.756073309145875,20.934967727204402,1.256098063632264,19.678869663571646,1.2806349358740476e-07,1.2806349447558318e-07,-1.2806332305714818e-07,-1.2806332216896976e-07
0.9,2.756073309145875,20.934967727204402,2.09349677272044,18.84147095448423,1.2261397497326243e-07,1.2261397630553006e-07,-1.2261382820177857e-07,-1.2261382753564476e-07
0.9,2.756073309145875,20.934967727204402,2.930895481808616,18.004072245395918,1.1716446257636903e-07,1.1716446368659206e-07,-1.1716432712916003e-07,-1.1716432624098161e-07
0.9,2.756073309145875,20.934967727204402,3.768294190896792,17.166673536307613,1.1171495040152024e-07,1.1171495151174327e-07,-1.1171482561245227e-07,-1.1171482494631846e-07
0.9,2.756073309145875,20.934967727204402,4.605692899984969,16.329274827219315,1.0626543822667145e-07,1.0626543889280526e-07,-1.0626532409574452e-07,-1.0626532409574452e-07
0.9,2.756073309145875,20.934967727204402,5.443091609073145,15.491876118131,1.0081592694000108e-07,1.0081592760613489e-07,-1.0081582213494755e-07,-1.0081582124676913e-07
0.9,2.756073309145875,20.934967727204402,6.280490318161322,14.654477409042693,9.53664156533307e-08,9.536641676355373e-08,-9.536632017415059e-08,-9.536631950801677e-08
0.9,2.756073309145875,20.934967727204402,7.117889027249497,13.817078699954388,8.991690481074954e-08,8.991690503279415e-08,-8.99168173251752e-08,-8.99168173251752e-08
0.9,2.756073309145875,20.934967727204402,7.955287736337673,12.979679990866972,8.446738797296405e-08,8.446738863909786e-08,-8.446732069344876e-08,-8.446732002731494e-08
0.9,2.756073309145875,20.934967727204402,8.792686445425849,12.142281281778667,7.90178777965167e-08,7.901787890673972e-08,-7.901781762242877e-08,-7.901781695629495e-08
0.9,2.756073309145875,20.934967727204402,9.630085154514026,11.304882572690358,7.356836762006935e-08,7.356836806415856e-08,-7.356831410731957e-08,-7.356831344118575e-08
0.9,2.756073309145875,20.934967727204402,10.467483863602201,10.467483863602055,6.811885810975582e-08,6.811885855384503e-08,-6.811881037016576e-08,-6.811880992607655e-08
0.9,2.756073309145875,20.934967727204402,11.304882572690378,9.630085154513747,6.266934837739768e-08,6.26693492655761e-08,-6.266930663301196e-08,-6.266930574483354e-08
0.9,2.756073309145875,20.934967727204402,12.142281281778555,8.792686445425437,5.721983886708415e-08,5.721984019935178e-08,-5.721980222972434e-08,-5.721980156359052e-08
0.9,2.756073309145875,20.934967727204402,12.97967999086673,7.955287736337132,5.1770330244949037e-08,5.177033135517206e-08,-5.177029760439211e-08,-5.177029738234751e-08
0.9,2.756073309145875,20.934967727204402,13.817078699954905,7.117889027249717,4.63208160716988e-08,4.632081695987722e-08,-4.6320798308130406e-08,-4.6320797864041197e-08
0.9,2.756073309145875,20.934967727204402,14.654477409043082,6.2804903181614105,4.08713078936529e-08,4.087130900387592e-08,-4.087129323870897e-08,-4.087129257257516e-08
0.9,2.756073309145875,20.934967727204402,15.491876118131257,5.443091609073106,3.5421799715606994e-08,3.5421801047874624e-08,-3.542178772519833e-08,-3.542178728110912e-08
0.9,2.756073309145875,20.934967727204402,16.329274827219432,4.6056928999847955,2.9972291759605696e-08,2.9972292647784116e-08,-2.9972281767598474e-08,-2.997228065737545e-08
0.9,2.756073309145875,20.934967727204402,17.16667353630761,3.768294190896489,2.4522784691782817e-08,2.4522785135872027e-08,-2.4522776032043225e-08,-2.452277536590941e-08
0.9,2.756073309145875,20.934967727204402,18.004072245395786,2.930895481808182,1.9073277401915334e-08,1.907327806804915e-08,-1.9073269408309557e-08,-1.9073268742175742e-08
0.9,2.756073309145875,20.934967727204402,18.841470954483963,2.0934967727198743,1.362377055613706e-08,1.362377144431548e-08,-1.3623763006620493e-08,-1.3623761674352863e-08
0.9,2.756073309145875,20.934967727204402,19.67886966357214,1.2560980636324603,8.174258381288269e-09,8.174259491511293e-09,-8.174261711957342e-09,-8.174260823778923e-09
0.9,2.756073309145875,20.934967727204402,20.516268372660313,0.41869935454415347,2.7247524236884146e-09,2.7247530898222294e-09,-2.724754200045254e-09,-2.724753755956044e-09
0.9,2.756073309145875,20.934967727204402,20.83029288856838,0.10467483863548055,6.811913255688751e-10,6.8119154761348e-10,-6.811853303645421e-10,-6.811846642307273e-10
0.85,3.4236527657030025,40.12999757111764,0.0,40.12999757111622,1.062971801690793e-07,1.0629718172339153e-07,-1.0629702873465874e-07,-1.0629702629216808e-07
0.85,3.4236527657030025,40.12999757111764,0.8025999514223529,39.32739761969461,1.0417123452732824e-07,1.0417123563755126e-07,-1.0417109019833504e-07,-1.0417108931015662e-07
0.85,3.4236527657030025,40.12999757111764,2.4077998542670582,37.722197716849635,9.991934524222756e-08,9.991934590836138e-08,-9.991921090524158e-08,-9.991921112728619e-08
0.85,3.4236527657030025,40.12999757111764,4.012999757111764,36.11699781400638,9.56674517382794e-08,9.56674521823686e-08,-9.566733605304023e-08,-9.566733627508484e-08
0.85,3.4236527657030025,40.12999757111764,5.61819965995647,34.51179791116144,9.141556311931254e-08,9.141556311931254e-08,-9.141545653790217e-08,-9.141545564972375e-08
0.85,3.4236527657030025,40.12999757111764,7.223399562801175,32.90659800831648,8.716367450034568e-08,8.716367516647949e-08,-8.71635765786749e-08,-8.716357591254109e-08
0.85,3.4236527657030025,40.12999757111764,8.828599465645881,31.30139810547152,8.291178654751263e-08,8.291178699160184e-08,-8.291169639740303e-08,-8.291169573126922e-08
0.85,3.4236527657030025,40.12999757111764,10.433799368490588,29.69619820262657,7.865989837263498e-08,7.86598992608134e-08,-7.865981599408656e-08,-7.865981554999735e-08
0.85,3.4236527657030025,40.12999757111764,12.038999271335294,28.09099829978161,7.440801086389115e-08,7.440801130798036e-08,-7.440793536872548e-08,-7.440793403645785e-08
0.85,3.4236527657030025,40.12999757111764,13.644199174179999,26.485798396936655,7.015612313310271e-08,7.015612424332573e-08,-7.015605452131979e-08,-7.015605429927518e-08
0.85,3.4236527657030025,40.12999757111764,15.249399077024703,24.88059849409341,6.590423140551138e-08,6.590423140551138e-08,-6.59041781148062e-08,-6.590417722662778e-08
0.85,3.4236527657030025,40.12999757111764,16.85459897986941,23.27539859124845,6.165234411881215e-08,6.165234478494597e-08,-6.165229704535591e-08,-6.165229571308828e-08
0.85,3.4236527657030025,40.12999757111764,18.459798882714114,21.6701986884035,5.740045749824674e-08,5.740045816438055e-08,-5.74004150877272e-08,-5.740041486568259e-08
0.85,3.4236527657030025,40.12999757111764,20.06499878555882,20.064998785558537,5.314857087768132e-08,5.314857132177053e-08,-5.314853335214309e-08,-5.3148533130098485e-08
0.85,3.4236527657030025,40.12999757111764,21.670198688403527,18.459798882713578,4.889668470120512e-08,4.889668470120512e-08,-4.889665139451438e-08,-4.889665139451438e-08
0.85,3.4236527657030025,40.12999757111764,23.275398591248234,16.854598979868616,4.464479852472891e-08,4.464479874677352e-08,-4.464476921484106e-08,-4.464476877075185e-08
0.85,3.4236527657030025,40.12999757111764,24.880598494092936,15.249399077025373,4.0392908129405214e-08,4.039290879553903e-08,-4.039289125401524e-08,-4.039289036583682e-08
0.85,3.4236527657030025,40.12999757111764,26.485798396937646,13.644199174180422,3.6141022619062824e-08,3.6141023507241243e-08,-3.6141008630252713e-08,-3.6141007297985084e-08
0.85,3.4236527657030025,40.12999757111764,28.090998299782353,12.038999271335463,3.188913733076504e-08,3.188913821894346e-08,-3.188912534035637e-08,-3.188912400808874e-08
0.85,3.4236527657030025,40.12999757111764,29.696198202627055,10.433799368490504,2.7637252042467253e-08,2.7637252930645673e-08,-2.7637242272504636e-08,-2.763724205046003e-08
0.85,3.4236527657030025,40.12999757111764,31.301398105471762,8.82859946564555,2.3385367198258677e-08,2.3385368086437097e-08,-2.3385358982608295e-08,-2.3385358538519085e-08
0.85,3.4236527657030025,40.12999757111764,32.90659800831647,7.223399562800594,1.9133482354050102e-08,1.9133482576094707e-08,-1.9133475248622744e-08,-1.9133474804533535e-08
0.85,3.4236527657030025,40.12999757111764,34.511797911161175,5.6181996599556365,1.4881597953930736e-08,1.4881598620064551e-08,-1.4881591514637194e-08,-1.4881590626458774e-08
0.85,3.4236527657030025,40.12999757111764,36.11699781400588,4.01299975711239,1.0629709112919272e-08,1.0629709557008482e-08,-1.0629711777454531e-08,-1.0629711555409926e-08
0.85,3.4236527657030025,40.12999757111764,37.72219771685059,2.4077998542674353,6.3778251568891164e-09,6.377826045067536e-09,-6.377827377335166e-09,-6.377826711201351e-09
0.85,3.4236527657030025,40.12999757111764,39.32739761969529,0.8025999514224782,2.1259414229035656e-09,2.1259423110819853e-09,-2.1259429772158e-09,-2.1259423110819853e-09
0.85,3.4236527657030025,40.12999757111764,39.92934758326205,0.2006499878562611,5.314833018132958e-10,5.314841899917155e-10,-5.314877427053943e-10,-5.314870765715796e-10
0.8,4.5743291902175045,95.71549414674152,0.0,95.71549414673817,7.610858743234417e-08,7.61085887646118e-08,-7.610847996275538e-08,-7.610847752026473e-08
0.8,4.5743291902175045,95.71549414674152,1.9143098829348304,93.80118426380503,7.458641348989659e-08,7.45864139339858e-08,-7.458631090528911e-08,-7.458631001711069e-08
0.8,4.5743291902175045,95.71549414674152,5.742929648804491,89.97256449793474,7.154206849158129e-08,7.15420687136259e-08,-7.154197279035657e-08,-7.154197212422275e-08
0.8,4.5743291902175045,95.71549414674152,9.571549414674152,86.14394473206858,6.849772038464153e-08,6.849772105077534e-08,-6.849763845018231e-08,-6.84976380060931e-08
0.8,4.5743291902175045,95.71549414674152,13.400169180543811,82.31532496619835,6.545337605246004e-08,6.545337649654925e-08,-6.545330011320516e-08,-6.545329966911595e-08
0.8,4.5743291902175045,95.71549414674152,17.228788946413474,78.48670520032806,6.240903194232317e-08,6.240903260845698e-08,-6.240896199827262e-08,-6.24089611100942e-08
0.8,4.5743291902175045,95.71549414674152,21.057408712283134,74.6580854344578,5.936468738809708e-08,5.936468872036471e-08,-5.936462343925086e-08,-5.936462277311705e-08
0.8,4.5743291902175045,95.71549414674152,24.886028478152795,70.82946566858752,5.6320343277960205e-08,5.632034394409402e-08,-5.632028488022911e-08,-5.6320283770006085e-08
0.8,4.5743291902175045,95.71549414674152,28.71464824402246,67.00084590271729,5.327599961191254e-08,5.327600050009096e-08,-5.327594632120736e-08,-5.327594543302894e-08
0.8,4.5743291902175045,95.71549414674152,32.54326800989212,63.17222613684704,5.023165572382027e-08,5.023165638995408e-08,-5.0231607318096394e-08,-5.023160665196258e-08
0.8,4.5743291902175045,95.71549414674152,36.37188777576178,59.34360637098086,4.718730917119274e-08,4.718731005937116e-08,-4.71872714236099e-08,-4.718727053543148e-08
0.8,4.5743291902175045,95.71549414674152,40.200507541631445,55.514986605110586,4.4142965727189676e-08,4.414296639332349e-08,-4.414293219845433e-08,-4.414293197640973e-08
0.8,4.5743291902175045,95.71549414674152,44.0291273075011,51.68636683924034,4.1098622727275824e-08,4.109862294932043e-08,-4.1098592973298764e-08,-4.1098592529209554e-08
0.8,4.5743291902175045,95.71549414674152,47.85774707337076,47.8577470733701,3.805427950531737e-08,3.805427972736197e-08,-3.805425308200938e-08,-3.805425241587557e-08
0.8,4.5743291902175045,95.71549414674152,51.68636683924042,44.02912730749981,3.500993672744812e-08,3.500993761562654e-08,-3.5009913412764604e-08,-3.5009913412764604e-08
0.8,4.5743291902175045,95.71549414674152,55.51498660511009,40.20050754162957,3.1965593949578874e-08,3.19655950598019e-08,-3.196557352147522e-08,-3.1965572411252197e-08
0.8,4.5743291902175045,95.71549414674152,59.34360637097974,36.37188777575931,2.8921251393754233e-08,2.8921251837843442e-08,-2.892123318609663e-08,-2.8921232964052024e-08
0.8,4.5743291902175045,95.71549414674152,63.1722261368494,32.54326800989312,2.5876905951349727e-08,2.587690661748354e-08,-2.5876896403431715e-08,-2.5876895959342505e-08
0.8,4.5743291902175045,95.71549414674152,67.00084590271906,28.714648244022854,2.2832563839614295e-08,2.2832564283703505e-08,-2.2832555846008518e-08,-2.2832554957830098e-08
0.8,4.5743291902175045,95.71549414674152,70.82946566858872,24.88602847815261,1.9788221727878863e-08,1.9788222838101888e-08,-1.978821528858532e-08,-1.9788214622451505e-08
0.8,4.5743291902175045,95.71549414674152,74.65808543445839,21.057408712282346,1.6743879838188036e-08,1.674388094841106e-08,-1.6743874509117518e-08,-1.6743874065028308e-08
0.8,4.5743291902175045,95.71549414674152,78.48670520032805,17.228788946412088,1.3699538170541814e-08,1.3699539058720234e-08,-1.369953350760511e-08,-1.3699532619426691e-08
0.8,4.5743291902175045,95.71549414674152,82.31532496619771,13.400169180541825,1.0655196724940197e-08,1.0655197613118617e-08,-1.0655192728137308e-08,-1.0655191839958889e-08
0.8,4.5743291902175045,95.71549414674152,86.14394473206737,9.57154941467157,7.61085527933858e-09,7.610855501383185e-09,-7.610851060491086e-09,-7.610850172312666e-09
0.8,4.5743291902175045,95.71549414674152,89.97256449793703,5.742929648805389,4.566510725112494e-09,4.566511613290913e-09,-4.566512945558543e-09,-4.566512501469333e-09
0.8,4.5743291902175045,95.71549414674152,93.80118426380669,1.9143098829351295,1.5221697236000864e-09,1.5221703897339012e-09,-1.5221712779123209e-09,-1.522170611778506e-09
0.8,4.5743291902175045,95.71549414674152,95.23691667600781,0.47857747073123197,3.8054426276801223e-10,3.8054448481261716e-10,-3.805413761881482e-10,-3.805404880097285e-10
0.75,7.078116022520105,354.6116763557116,0.0,354.611676355699,4.641532802551751e-08,4.641533024596356e-08,-4.641526407667129e-08,-4.641526230031445e-08
0.75,7.078116022520105,354.6116763557116,7.0922335271142325,347.51944282859125,4.5487021260726124e-08,4.548702192685994e-08,-4.5486959532325955e-08,-4.548695886619214e-08
0.75,7.078116022520105,354.6116763557116,21.276700581342695,333.33497577436043,4.3630407509098745e-08,4.363040773114335e-08,-4.3630349777501465e-08,-4.363034911136765e-08
0.75,7.078116022520105,354.6116763557116,35.461167635571165,319.15050872012984,4.177379353542676e-08,4.177379442360518e-08,-4.177373980063237e-08,-4.177373891245395e-08
0.75,7.078116022520105,354.6116763557116,49.64563468979962,304.96604166591436,3.9917177563353334e-08,3.9917178451531754e-08,-3.9917132044209325e-08,-3.9917131600120115e-08
0.75,7.078116022520105,354.6116763557116,63.830101744028084,290.78157461168365,3.806056403377056e-08,3.8060564699904376e-08,-3.8060521845295625e-08,-3.806052162325102e-08
0.75,7.078116022520105,354.6116763557116,78.01456879825655,276.5971075574529,3.620395050418779e-08,3.620395139236621e-08,-3.620391186842653e-08,-3.620391098024811e-08
0.75,7.078116022520105,354.6116763557116,92.19903585248503,262.4126405032222,3.4347336974605014e-08,3.4347337418694224e-08,-3.4347301447468226e-08,-3.434730211360204e-08
0.75,7.078116022520105,354.6116763557116,106.3835029067135,248.22817344899153,3.2490723667066845e-08,3.2490724111156055e-08,-3.249069147059913e-08,-3.249069058242071e-08
0.75,7.078116022520105,354.6116763557116,120.56796996094195,234.04370639476082,3.063411035952868e-08,3.0634110803617887e-08,-3.063408082759622e-08,-3.063408082759622e-08
0.75,7.078116022520105,354.6116763557116,134.75243701517041,219.85923934053017,2.8777497051990508e-08,2.8777498162213533e-08,-2.8777470406637917e-08,-2.8777470406637917e-08
0.75,7.078116022520105,354.6116763557116,148.93690406939888,205.67477228631464,2.69208819680955e-08,2.6920882634229315e-08,-2.6920861762036452e-08,-2.6920861095902637e-08
0.75,7.078116022520105,354.6116763557116,163.12137112362734,191.49030523208393,2.5064268882601937e-08,2.5064268882601937e-08,-2.5064251119033543e-08,-2.5064250230855123e-08
0.75,7.078116022520105,354.6116763557116,177.3058381778558,177.30583817785327,2.3207656241197583e-08,2.3207656685286793e-08,-2.3207640253986028e-08,-2.320763980989682e-08
0.75,7.078116022520105,354.6116763557116,191.49030523208427,163.12137112362257,2.1351043377748624e-08,2.1351043821837834e-08,-2.1351029388938514e-08,-2.135102916689391e-08
0.75,7.078116022520105,354.6116763557116,205.67477228631276,148.93690406939191,1.949443073634427e-08,1.949443118043348e-08,-1.9494418523891e-08,-1.9494418301846395e-08
0.75,7.078116022520105,354.6116763557116,219.8592393405412,134.75243701516132,1.7637818094939917e-08,1.763781831698452e-08,-1.7637807214754275e-08,-1.763780654862046e-08
0.75,7.078116022520105,354.6116763557116,234.04370639476969,120.56796996093053,1.5781205453535563e-08,1.5781206563758587e-08,-1.578119590561755e-08,-1.5781195683572946e-08
0.75,7.078116022520105,354.6116763557116,248.22817344899815,106.3835029066999,1.3924593256220419e-08,1.3924593922354234e-08,-1.3924584818525432e-08,-1.3924583930347012e-08
0.75,7.078116022520105,354.6116763557116,262.4126405032266,92.19903585248434,1.206797906050383e-08,1.206797906050383e-08,-1.2067975285745547e-08,-1.2067975063700942e-08
0.75,7.078116022520105,354.6116763557116,276.59710755745505,78.01456879825363,1.0211366863188687e-08,1.0211366863188687e-08,-1.0211363754564218e-08,-1.0211362866385798e-08
0.75,7.078116022520105,354.6116763557116,290.78157461168354,63.830101744022954,8.354754665873543e-09,8.354754887918148e-09,-8.354752001338284e-09,-8.354751557249074e-09
0.75,7.078116022520105,354.6116763557116,304.966041665912,49.645634689792274,6.498142690603004e-09,6.498142912647609e-09,-6.4981404701569545e-09,-6.49813980402314e-09
0.75,7.078116022520105,354.6116763557116,319.15050872014046,35.461167635561594,4.64153093737707e-09,4.641530715332465e-09,-4.6415282728418106e-09,-4.641527606707996e-09
0.75,7.078116022520105,354.6116763557116,333.33497577436896,21.276700581330907,2.7849191841511356e-09,2.7849194061957405e-09,-2.7849165196158765e-09,-2.7849165196158765e-09
0.75,7.078116022520105,354.6116763557116,347.5194428285974,7.092233527115339,9.283054325237572e-10,9.28305876612967e-10,-9.283063207021769e-10,-9.283056545683621e-10
0.75,7.078116022520105,354.6116763557116,352.838617973933,1.773058381769386,2.32077246309359e-10,2.3207791244317377e-10,-2.3207569199712452e-10,-2.3207480381870482e-10
0.7,17.024749104655864,4934.488727323155,0.0,4934.4887273227705,1.7948553532320943e-08,1.7948555308677783e-08,-1.794853043968203e-08,-1.7948527997191377e-08
0.7,17.024749104655864,4934.488727323155,98.68977454646311,4835.798952776606,1.7589582235189027e-08,1.7589582901322842e-08,-1.758955892050551e-08,-1.758955892050551e-08
0.7,17.024749104655864,4934.488727323155,296.0693236393893,4638.419403683649,1.6871639640925196e-08,1.6871639640925196e-08,-1.6871618102598518e-08,-1.6871617214420098e-08
0.7,17.024749104655864,4934.488727323155,493.4488727323155,4441.039854590694,1.615369726870597e-08,1.615369726870597e-08,-1.6153677284691526e-08,-1.615367706264692e-08
0.7,17.024749104655864,4934.488727323155,690.8284218252417,4243.660305497735,1.5435754674442137e-08,1.5435755118531347e-08,-1.5435736466784533e-08,-1.5435736022695323e-08
0.7,17.024749104655864,4934.488727323155,888.2079709181679,4046.2807564047775,1.4717812524267515e-08,1.4717812968356725e-08,-1.471779564887754e-08,-1.4717795204788331e-08
0.7,17.024749104655864,4934.488727323155,1085.587520011094,3848.9012073120316,1.3999869485914473e-08,1.3999869930003683e-08,-1.3999855053015153e-08,-1.3999855053015153e-08
0.7,17.024749104655864,4934.488727323155,1282.9670691040203,3651.5216582190747,1.3281927113695247e-08,1.3281927779829061e-08,-1.3281914235108161e-08,-1.3281913568974346e-08
0.7,17.024749104655864,4934.488727323155,1480.3466181969468,3454.1421091261172,1.2563984963520625e-08,1.256398518556523e-08,-1.2563973195156564e-08,-1.2563972529022749e-08
0.7,17.024749104655864,4934.488727323155,1677.7261672898728,3256.762560033161,1.1846042591301398e-08,1.1846042369256793e-08,-1.1846031933160361e-08,-1.1846031044981942e-08
0.7,17.024749104655864,4934.488727323155,1875.105716382799,3059.383010940204,1.112810066317138e-08,1.1128101329305196e-08,-1.112809067116416e-08,-1.112809022707495e-08
0.7,17.024749104655864,4934.488727323155,2072.4852654757256,2862.0034618472464,1.0410158290952154e-08,1.0410158512996759e-08,-1.0410149631212562e-08,-1.0410149631212562e-08
0.7,17.024749104655864,4934.488727323155,2269.8648145686516,2664.6239127542904,9.692216362822137e-09,9.692216806911347e-09,-9.692208147171755e-09,-9.69220792512715e-09
0.7,17.024749104655864,4934.488727323155,2467.2443636615776,2467.244363661333,8.974274212647515e-09,8.974274656736725e-09,-8.974267107220157e-09,-8.974265996997133e-09
0.7,17.024749104655864,4934.488727323155,2664.623912754504,2269.864814568586,8.256331618383683e-09,8.256332062472893e-09,-8.25632651135777e-09,-8.256326733402375e-09
0.7,17.024749104655864,4934.488727323155,2862.0034618474306,2072.485265475628,7.538389468209061e-09,7.538389912298271e-09,-7.538385249361568e-09,-7.538385249361568e-09
0.7,17.024749104655864,4934.488727323155,3059.383010940356,1875.1057163826717,6.820447540079044e-09,6.820447984168254e-09,-6.8204437653207606e-09,-6.820443321231551e-09
0.7,17.024749104655864,4934.488727323155,3256.7625600332826,1677.7261672897148,6.102505611949027e-09,6.102506278082842e-09,-6.102502503324558e-09,-6.102502503324558e-09
0.7,17.024749104655864,4934.488727323155,3454.142109126209,1480.346618196757,5.38456368381901e-09,5.38456368381901e-09,-5.384561019283751e-09,-5.384561241328356e-09
0.7,17.024749104655864,4934.488727323155,3651.5216582191347,1282.96706910401,4.6666213115997834e-09,4.666621533644388e-09,-4.666620423421364e-09,-4.666619979332154e-09
0.7,17.024749104655864,4934.488727323155,3848.901207312061,1085.5875200110531,3.9486793834697664e-09,3.948679827558976e-09,-3.948678717335952e-09,-3.948678273246742e-09
0.7,17.024749104655864,4934.488727323155,4046.2807564049876,888.2079709180965,3.2307378994289593e-09,3.230738343518169e-09,-3.2307372332951445e-09,-3.2307365671613297e-09
0.7,17.024749104655864,4934.488727323155,4243.660305497913,690.8284218251392,2.512796193343547e-09,2.5127959712989423e-09,-2.5127955272097324e-09,-2.5127953051651275e-09
0.7,17.024749104655864,4934.488727323155,4441.03985459084,493.4488727321824,1.7948544872581351e-09,1.79485515339195e-09,-1.7948538211243203e-09,-1.7948527109012957e-09
0.7,17.024749104655864,4934.488727323155,4638.419403683766,296.0693236392252,1.076912781172723e-09,1.076913003217328e-09,-1.0769121150389083e-09,-1.0769114489050935e-09
0.7,17.024749104655864,4934.488727323155,4835.798952776692,98.68977454626818,3.589712971319159e-10,3.5897196326573066e-10,-3.589704089534962e-10,-3.589697428196814e-10
0.7,17.024749104655864,4934.488727323155,4909.8162836865395,24.672443636488154,8.974265774952528e-11,8.974332388334005e-11,-8.974265774952528e-11,-8.974176957110558e-11
