id,alpha,boundary,norm,g0,local_first_order,directional_scan,slsqp,de,best_upper_bound_hp,hp_residual,exact_or_lower_bound,label,m_frac,m_Cain
W01,0.9,frac,frob,5.309967727204413,0.14790966642583356,0.14803256955824795,0.1297802102504157,0.14868630988108666,0.129780210250419447247078112171,3.2518e-41,,HP upper bound (40 digits) - no rigorous lower bound,5.3099677272044052438,7.625
W01,0.9,frac,max,5.309967727204413,0.052097324322232866,0.07244634961584473,0.04645618610653639,0.09800572738195387,0.0464561861065363332114661430656,-4.0028e-40,,HP upper bound (40 digits) - no rigorous lower bound,5.3099677272044052438,7.625
W01,0.9,cain,frob,7.6250000000000036,0.25076140915533374,0.4075811770721401,0.3535533905932738,0.3699033216415081,0.35355339059327400555734132563,9.1835e-40,,HP upper bound (40 digits) - no rigorous lower bound,5.3099677272044052438,7.625
W01,0.9,cain,max,7.6250000000000036,0.0945736434131308,0.19873709209848975,0.12500000000000033,0.19756991991356906,0.125000000000000301841884819965,-1.8367e-40,,HP upper bound (40 digits) - no rigorous lower bound,5.3099677272044052438,7.625
W01,0.9,P,frob,1.0,0.42884501393099506,0.37977240598936635,0.3507810593582125,0.35930565752237154,0.350781059358212564996209479316,0.0,0.35078105935821217162,HP; see exact Eckart-Young values,5.3099677272044052438,7.625
W01,0.9,P,max,1.0,0.1904761904737342,0.2397958488599971,0.22222222222222238,0.22306203781042974,0.222222222222222381929479992746,3.8456e-39,0.11692701978607072387,HP; see exact Eckart-Young values,5.3099677272044052438,7.625
W10,0.8,frac,frob,83.71549414674162,1.1763445193285431,0.8746284485390259,,,0.874628448539347511362938111287,-2.1436e-37,,HP upper bound (40 digits) - no rigorous lower bound,83.715494146741627374,4.0
W10,0.8,frac,max,83.71549414674162,0.5029434463249113,0.6605921444095147,,,0.660592144409413450940528845349,5.0222e-40,,HP upper bound (40 digits) - no rigorous lower bound,83.715494146741627374,4.0
W10,0.8,cain,frob,4.0,0.16495721976093866,0.23211889533821353,0.20220836765349975,0.24640876881528892,0.202208367653524561066221638607,5.5101e-40,,HP upper bound (40 digits) - no rigorous lower bound,83.715494146741627374,4.0
W10,0.8,cain,max,4.0,0.06060606060316241,0.12111017727139693,0.07170497401855551,0.13824891684876844,0.0717049740185613399102876678998,0.0,,HP upper bound (40 digits) - no rigorous lower bound,83.715494146741627374,4.0
W10,0.8,P,frob,1.0,0.4472135955044757,0.31560284678516315,0.30277563773199506,0.3097807774600106,0.302775637731995108430498916403,0.0,0.30277563773199464656,HP; see exact Eckart-Young values,83.715494146741627374,4.0
W10,0.8,P,max,1.0,0.2000000000009102,0.21895844581471463,0.20000000000000018,0.3081966202056791,0.200000000000000180944257607361,9.4131e-40,0.10092521257733154885,HP; see exact Eckart-Young values,83.715494146741627374,4.0
W14,0.7,frac,frob,6137.544147602294,3.0762551181105806,,,,,,,NOT REACHED: the strict-P boundary is crossed first along every tried direction (the target boundary is not the nearest boundary of the class),6137.5441476022891267,9.875
W14,0.7,frac,max,6137.544147602294,1.1711997405612715,,,,,,,NOT REACHED: the strict-P boundary is crossed first along every tried direction (the target boundary is not the nearest boundary of the class),6137.5441476022891267,9.875
W14,0.7,cain,frob,9.874999999999993,0.24561299943556084,0.4041672652481642,0.35355339059327306,0.36975202840587484,0.353553390593274173053018534529,1.102e-39,,HP upper bound (40 digits) - no rigorous lower bound,6137.5441476022891267,9.875
W14,0.7,cain,max,9.874999999999993,0.09371293001413311,0.18722310951862695,0.12499999999998077,0.18654411722983055,0.125000000000002461572612411094,0.0,,HP upper bound (40 digits) - no rigorous lower bound,6137.5441476022891267,9.875
W14,0.7,P,frob,1.0,1.1547005383460474,0.8068703918390422,0.7655644370746391,1.0000000000108968,0.7655644370746380035288886742,1.1479e-41,0.76556443707463741309,HP; see exact Eckart-Young values,6137.5441476022891267,9.875
W14,0.7,P,max,1.0,0.6666666666474962,0.5809854486179283,0.5555555555555575,0.9162827417885693,0.555555555555557450423913418462,7.4789e-39,0.25518814569154580436,HP; see exact Eckart-Young values,6137.5441476022891267,9.875
W18,0.7,frac,frob,4981.48914300657,4.403140821421585,,,,,,,NOT REACHED: the strict-P boundary is crossed first along every tried direction (the target boundary is not the nearest boundary of the class),4981.4891430065662495,1.7573593128807148536
W18,0.7,frac,max,4981.48914300657,1.9484347764336176,,,,,,,NOT REACHED: the strict-P boundary is crossed first along every tried direction (the target boundary is not the nearest boundary of the class),4981.4891430065662495,1.7573593128807148536
W18,0.7,cain,frob,1.7573593128807161,0.07571857441494867,0.10346644037342159,0.08475290375420577,0.09519266859771537,0.0847529037542059778512755469457,5.5101e-40,,HP upper bound (40 digits) - no rigorous lower bound,4981.4891430065662495,1.7573593128807148536
W18,0.7,cain,max,1.7573593128807161,0.0281800582533642,0.05606958709568688,0.030989785671746248,0.06770069239355739,0.0309897856717476613706246924537,-5.5101e-40,,HP upper bound (40 digits) - no rigorous lower bound,4981.4891430065662495,1.7573593128807148536
W18,0.7,P,frob,0.25,0.11785113019969959,0.12899456638814438,0.11803398874989401,0.11811016627162645,0.118033988749898523428920831343,-1.1479e-41,0.1180339887498948482,HP; see exact Eckart-Young values,4981.4891430065662495,1.7573593128807148536
W18,0.7,P,max,0.25,0.06250000000109399,0.0686935521987934,0.06250000000000007,0.06270669148065429,0.0625000000000000663056417610599,1.0102e-39,0.039344662916631616068,HP; see exact Eckart-Young values,4981.4891430065662495,1.7573593128807148536
W22,0.7,frac,frob,4719.939701040353,5.99699560201767,,,,,,,NOT REACHED: the strict-P boundary is crossed first along every tried direction (the target boundary is not the nearest boundary of the class),4719.9397010403383697,0.75
W22,0.7,frac,max,4719.939701040353,2.596907837035139,,,,,,,NOT REACHED: the strict-P boundary is crossed first along every tried direction (the target boundary is not the nearest boundary of the class),4719.9397010403383697,0.75
W22,0.7,cain,frob,0.7500000000000018,0.04330014259700515,0.051271486933541166,0.046194829735295796,0.04961070411080021,0.0461948297352959193247411606593,0.0,,HP upper bound (40 digits) - no rigorous lower bound,4719.9397010403383697,0.75
W22,0.7,cain,max,0.7500000000000018,0.016901408451400497,0.0287585581981604,0.017769690562174492,0.0286549739387922,0.0177696905621744786054895792849,-9.1835e-41,,HP upper bound (40 digits) - no rigorous lower bound,4719.9397010403383697,0.75
W22,0.7,P,frob,0.25,0.11785113019969959,0.13068186886250802,0.11803398874989691,0.11815700869190507,0.118033988749896923307237803568,-2.2959e-41,0.1180339887498948482,HP; see exact Eckart-Young values,4719.9397010403383697,0.75
W22,0.7,P,max,0.25,0.06250000000109399,0.07466241613660406,0.062499999998097924,0.06287033612836546,0.0625000000000002862939927841526,-3.4682e-35,0.039344662916631616068,HP; see exact Eckart-Young values,4719.9397010403383697,0.75
W26,0.7,frac,frob,6064.891090907116,3.0753515395170656,,,,,,,NOT REACHED: the strict-P boundary is crossed first along every tried direction (the target boundary is not the nearest boundary of the class),6064.8910909070977742,0.11916848035314089087
W26,0.7,frac,max,6064.891090907116,1.3307179104263789,,,,,,,NOT REACHED: the strict-P boundary is crossed first along every tried direction (the target boundary is not the nearest boundary of the class),6064.8910909070977742,0.11916848035314089087
W26,0.7,cain,frob,0.11916848035313166,0.0048130337330586715,0.005275664703025741,0.004839987426410635,0.005393469505111881,0.00483998742641142582138507138916,0.0,,HP upper bound (40 digits) - no rigorous lower bound,6064.8910909070977742,0.11916848035314089087
W26,0.7,cain,max,0.11916848035313166,0.0017744649963974748,0.0024918510562095954,0.0017832504982957839,0.0025106711321388054,0.00178325050970146952463242718003,-3.6734e-40,,HP upper bound (40 digits) - no rigorous lower bound,6064.8910909070977742,0.11916848035314089087
W26,0.7,P,frob,1.0,0.5298129428262617,0.32706022871348994,0.3027756377319924,0.30316910405695213,0.302775637731995432468584096023,2.2959e-41,0.30277563773199464656,HP; see exact Eckart-Young values,6064.8910909070977742,0.11916848035314089087
W26,0.7,P,max,1.0,0.26666666666491967,0.2126382431798124,0.2000000000000003,0.20045658548390727,0.200000000000000281291458709761,1.8367e-40,0.10092521257733154885,HP; see exact Eckart-Young values,6064.8910909070977742,0.11916848035314089087
W28,0.9,frac,frob,0.14983051020694305,0.0029517384390001563,0.0033857772311343976,0.002942652631266444,0.003277895708934466,0.00294265263126572711270820013095,1.2241e-39,,HP upper bound (40 digits) - no rigorous lower bound,0.14983051020693282322,16.675444679663241336
W28,0.9,frac,max,0.14983051020694305,0.001066544091912899,0.0018761012501019767,0.0010637480038239657,0.001978113130511577,0.00106374800382393116589056797094,5.0724e-39,,HP upper bound (40 digits) - no rigorous lower bound,0.14983051020693282322,16.675444679663241336
W28,0.9,cain,frob,16.675444679663244,0.34357748498500695,0.688103888842883,0.6029176441519225,0.7243338907935198,0.602917644151926165687540233294,-3.6734e-40,,HP upper bound (40 digits) - no rigorous lower bound,0.14983051020693282322,16.675444679663241336
W28,0.9,cain,max,16.675444679663244,0.13573341891534238,0.3477324862626234,0.21383171850549743,0.41015081388322705,0.213831718505497575776738369811,9.1835e-40,,HP upper bound (40 digits) - no rigorous lower bound,0.14983051020693282322,16.675444679663241336
W28,0.9,P,frob,1.0,0.4364357804732788,0.3267272011244612,0.30277563773199473,0.30674299148554196,0.30277563773199499681477940064,0.0,0.30277563773199464656,HP; see exact Eckart-Young values,0.14983051020693282322,16.675444679663241336
W28,0.9,P,max,1.0,0.22222222222131466,0.21419561271334198,0.20000000000000012,0.21373866787029705,0.200000000000000105949799700604,-5.5675e-39,0.10092521257733154885,HP; see exact Eckart-Young values,0.14983051020693282322,16.675444679663241336
W34,0.99,frac,frob,0.6789859538039273,0.03178804445732586,0.034846173828775744,0.0306810532510839,0.03408574234033738,0.0306810532510840360457517462186,-2.1979e-39,,HP upper bound (40 digits) - no rigorous lower bound,0.67898595380393470398,0.34314575050761980479
W34,0.99,frac,max,0.6789859538039273,0.011414770971512741,0.019471601490239233,0.011078427180814273,0.026323655765074807,0.0110784271808143357146262884988,2.4045e-39,,HP upper bound (40 digits) - no rigorous lower bound,0.67898595380393470398,0.34314575050761980479
W34,0.99,cain,frob,0.3431457505076221,0.016101193513455674,0.018271977577096032,0.016405103916226637,0.017096193275464074,0.0164051039190884026790387773193,0.0,,HP upper bound (40 digits) - no rigorous lower bound,0.67898595380393470398,0.34314575050761980479
W34,0.99,cain,max,0.3431457505076221,0.00581325363470128,0.009570331910918347,0.005905162130149294,0.010033214889278235,0.00590516213017036742120145910399,0.0,,HP upper bound (40 digits) - no rigorous lower bound,0.67898595380393470398,0.34314575050761980479
W34,0.99,P,frob,1.0,0.5773502691890483,0.33333333333342086,0.30277563773199534,0.30375322118565207,0.30277563773199538792781346664,0.0,0.30277563773199464656,HP; see exact Eckart-Young values,0.67898595380393470398,0.34314575050761980479
W34,0.99,P,max,1.0,0.333333333329916,0.22774270821926348,0.20000000000000012,0.22992787068722717,0.200000000000000108115452901557,4.2474e-40,0.10092521257733154885,HP; see exact Eckart-Young values,0.67898595380393470398,0.34314575050761980479
W02,0.8,frac,frob,68.7154941467416,0.699583347563189,0.6111292470885055,0.4629024251367239,,0.462902425136724255002105437284,5.602e-39,,HP upper bound (40 digits) - no rigorous lower bound,68.715494146741627374,19.0
W02,0.8,frac,max,68.7154941467416,0.26931260177674954,0.38249577321045136,0.17208306669143061,0.6305596972233404,0.172083066691430565612162354646,8.0292e-40,,HP upper bound (40 digits) - no rigorous lower bound,68.715494146741627374,19.0
W02,0.8,cain,frob,19.00000000000001,0.37714451165902346,0.8357907952233693,0.7071067811865469,0.7253116844276901,0.707106781186548185612652896932,3.6734e-40,,HP upper bound (40 digits) - no rigorous lower bound,68.715494146741627374,19.0
W02,0.8,cain,max,19.00000000000001,0.15079365078320275,0.38508126515352986,0.24999999999999709,0.41252703287654624,0.250000000000000353883589099269,-1.8367e-40,,HP upper bound (40 digits) - no rigorous lower bound,68.715494146741627374,19.0
W02,0.8,P,frob,1.0,0.3651483716717725,0.326458516895393,0.3027756377319945,0.3049574206128642,0.302775637731995512204233371241,-2.2959e-41,0.30277563773199464656,HP; see exact Eckart-Young values,68.715494146741627374,19.0
W02,0.8,P,max,1.0,0.16666666666649999,0.21329381808708578,0.2000000000000002,0.22517584632234677,0.200000000000000190817894875128,-1.2914e-38,0.10092521257733154885,HP; see exact Eckart-Young values,68.715494146741627374,19.0
W03,0.95,frac,frob,3.156220438733939,0.15073397255159382,0.14099390538172102,0.1313012870275593,0.20057086182424314,0.131301287027559286858986389696,4.9408e-40,,HP upper bound (40 digits) - no rigorous lower bound,3.1562204387339389052,1.261
W03,0.95,frac,max,3.156220438733939,0.0524230641360279,0.07942732837843113,0.046565561302880566,0.10970490819631933,0.046565561302880583305988417935,-9.49e-41,,HP upper bound (40 digits) - no rigorous lower bound,3.1562204387339389052,1.261
W03,0.95,cain,frob,1.2610000000000028,0.06568397362142497,0.08468779327949809,0.07071067811860207,0.07497671928007262,0.0707106781186562140752925372991,0.0,,HP upper bound (40 digits) - no rigorous lower bound,3.1562204387339389052,1.261
W03,0.95,cain,max,1.2610000000000028,0.023520414825961816,0.04386114167617247,0.02500000000000005,0.05742421276326162,0.0250000000000004305583667374443,-5.5101e-40,,HP upper bound (40 digits) - no rigorous lower bound,3.1562204387339389052,1.261
W03,0.95,P,frob,1.0,0.49644453674278494,0.42450297458018804,0.40000000000000013,0.4002253861031435,0.400000000000000482096909027608,1.1479e-41,0.39999999999999998775,HP; see exact Eckart-Young values,3.1562204387339389052,1.261
W03,0.95,P,max,1.0,0.21505376343852714,0.2631866002152684,0.24390243902439027,0.24524419129624617,0.243902439024390281420364739832,6.2448e-39,0.13333333333333332925,HP; see exact Eckart-Young values,3.1562204387339389052,1.261
W04,0.9,frac,frob,0.13809272720441967,0.0030874279383957446,0.003423500029945558,0.0030780066087603987,0.0031481221664402025,0.00307800660876011315395273902519,8.7175e-40,,HP upper bound (40 digits) - no rigorous lower bound,0.13809272720440524382,12.796875
W04,0.9,frac,max,0.13809272720441967,0.0011046797266641263,0.0017839946534363314,0.0011018047171898959,0.0018286062612965065,0.00110180471718981370612340439672,-4.7672e-40,,HP upper bound (40 digits) - no rigorous lower bound,0.13809272720440524382,12.796875
W04,0.9,cain,frob,12.796874999999996,0.32401261398275066,0.6218656613898352,0.53033008588991,0.6217083166128977,0.530330085889910871066216794238,1.8367e-40,,HP upper bound (40 digits) - no rigorous lower bound,0.13809272720440524382,12.796875
W04,0.9,cain,max,12.796874999999996,0.12598061838195024,0.2814065429910113,0.18750000000000017,0.293168101134554,0.187500000000000364291929955129,-3.6734e-40,,HP upper bound (40 digits) - no rigorous lower bound,0.13809272720440524382,12.796875
W04,0.9,P,frob,1.0,0.3946108989257624,0.3502113273112477,0.32518381359192894,0.3321211254816563,0.325183813591930919938832889011,0.0,0.32518381359193041813,HP; see exact Eckart-Young values,0.13809272720440524382,12.796875
W04,0.9,P,max,1.0,0.1777777777739815,0.21969417307298317,0.21052631578947373,0.25509581118409064,0.210526315789473728309482241009,2.7551e-39,0.10839460453064347271,HP; see exact Eckart-Young values,0.13809272720440524382,12.796875
W05,0.9,frac,frob,12.814366727204417,0.5562483923455089,0.4166499192810843,0.3781165293881514,0.4585527188144502,0.378116529388151584149791737341,7.3917e-40,,HP upper bound (40 digits) - no rigorous lower bound,12.814366727204405244,0.120601
W05,0.9,frac,max,12.814366727204417,0.1951431368240788,0.20477709534996505,0.1353507736296554,0.2749166913653822,0.135350773629655367525759150472,4.8191e-40,,HP upper bound (40 digits) - no rigorous lower bound,12.814366727204405244,0.120601
W05,0.9,cain,frob,0.12060099999999885,0.0070183209803767145,0.007909121437053248,0.007071067811879855,0.008050030833865686,0.00707106781187940795573290373744,0.0,,HP upper bound (40 digits) - no rigorous lower bound,12.814366727204405244,0.120601
W05,0.9,cain,max,0.12060099999999885,0.002484461787686395,0.004474861807244008,0.0025000000000001184,0.004313832377281415,0.00250000000000012538581284360016,1.8367e-40,,HP upper bound (40 digits) - no rigorous lower bound,12.814366727204405244,0.120601
W05,0.9,P,frob,1.0,0.5143393973232986,0.44681436919816725,0.4127535046685638,0.5876865838891229,0.412753504668565873717777744446,1.1479e-41,0.41275350466856546861,HP; see exact Eckart-Young values,12.814366727204405244,0.120601
W05,0.9,P,max,1.0,0.22148394241229918,0.2791664185521757,0.2493765586034913,0.2723307629190587,0.249376558603491353010354633545,1.0446e-39,0.13758450155618848954,HP; see exact Eckart-Young values,12.814366727204405244,0.120601
W06,0.67,frac,frob,1190799.4512397102,0.12939883432032723,0.2608085317712394,,0.22483657845990027,0.224836578459880247588337923862,-5.1975e-35,,HP upper bound (40 digits) - no rigorous lower bound,1190799.451239524985,3374992.0
W06,0.67,frac,max,1190799.4512397102,0.05291810206100692,0.14799452918248787,,0.12815690305483493,0.128156903054794009888079777599,4.7693e-35,,HP upper bound (40 digits) - no rigorous lower bound,1190799.451239524985,3374992.0
W06,0.67,cain,frob,3374991.999999995,0.5773360690659756,114.49889609786172,104.65180361618143,125.14576115962235,104.65180361618148503171711155,7.3468e-40,,HP upper bound (40 digits) - no rigorous lower bound,1190799.451239524985,3374992.0
W06,0.67,cain,max,3374991.999999995,0.3310958072323828,68.27111330319633,36.999999999999986,37.00000000000081,37.0,0.0,,HP upper bound (40 digits) - no rigorous lower bound,1190799.451239524985,3374992.0
W06,0.67,P,frob,1.0,0.007697832528151435,0.006666666666665575,0.006666370396728722,0.006666513430142372,0.00666637039672872348035774022078,1.1479e-41,0.006666370396704892911,HP; see exact Eckart-Young values,1190799.451239524985,3374992.0
W06,0.67,P,max,1.0,0.004415011037527236,0.006597816422437028,0.0065789473684210575,0.006579729316429835,0.00657894736842105665133554694415,-1.1479e-40,0.002222123465568297637,HP; see exact Eckart-Young values,1190799.451239524985,3374992.0
W07,0.68,frac,frob,9263.519666336695,0.05710428152107814,0.07012233595182239,0.05460262259795138,0.05971940251322394,0.0546026225979592563967297800043,-1.1198e-38,,HP upper bound (40 digits) - no rigorous lower bound,9263.5196663380532188,63992.0
W07,0.68,frac,max,9263.519666336695,0.023050152310807145,0.04978664962556006,0.02202989295234424,0.05047955561250778,0.02202989295234733862320777712,-3.9899e-37,,HP upper bound (40 digits) - no rigorous lower bound,9263.5196663380532188,63992.0
W07,0.68,cain,frob,63991.99999999997,0.5770973349890764,29.661747919524448,26.87005768509032,30.298949210352355,26.8700576850903243893169498174,7.3468e-40,,HP upper bound (40 digits) - no rigorous lower bound,9263.5196663380532188,63992.0
W07,0.68,cain,max,63991.99999999997,0.3247665449694948,12.565786595988758,9.499999999999988,9.499999999997307,9.5,-1.4694e-39,,HP upper bound (40 digits) - no rigorous lower bound,9263.5196663380532188,63992.0
W07,0.68,P,frob,1.0,0.028858496587934292,0.024999999999990904,0.024984394500792043,0.02498948507157366,0.0249843945007920889050405476359,-1.1479e-41,0.024984394500785727697,HP; see exact Eckart-Young values,9263.5196663380532188,63992.0
W07,0.68,P,max,1.0,0.016260162601598745,0.023862785164681162,0.02380952380952391,0.02383239672800399,0.0238095238095239102574872553883,4.1326e-40,0.0083281315002619092324,HP; see exact Eckart-Young values,9263.5196663380532188,63992.0
