triple,beta12,beta13,beta23,k,1-alpha,T1,C_beta,T_alpha,(T-T1)/(1-alpha),(T-T1)/(C(1-alpha)),D_estimate=(T-T1-C eps)/eps^2,evidence
"no_pair_loops_(1,1,1)",1,1,1,1,0.1,9.0,65.29677711243184262138682,21.934967727204405243819593870570396,129.3496772720440524381959,1.980950408154481314,640.529001596122,HP(45 digits)
"no_pair_loops_(1,1,1)",1,1,1,2,0.01,9.0,65.29677711243184262138682,9.6902378055158785835363633661820446,69.02378055158785835363634,1.0570779080373085085,372.700343915602,HP(45 digits)
"no_pair_loops_(1,1,1)",1,1,1,3,0.001,9.0,65.29677711243184262138682,9.0656537548974692422806340856183321,65.65375489746924228063409,1.0054670046642996522,356.9777850374,HP(45 digits)
"no_pair_loops_(1,1,1)",1,1,1,4,0.0001,9.0,65.29677711243184262138682,9.0065332324343816675698625335271688,65.33232434381667569862534,1.0005443948837417467,355.472313848331,HP(45 digits)
"no_pair_loops_(1,1,1)",1,1,1,5,1.0e-5,9.0,65.29677711243184262138682,9.0006530033033650717899725355701898,65.30033033650717899725356,1.0000544165306844812,355.322407533638,HP(45 digits)
"no_pair_loops_(1,1,1)",1,1,1,6,1.0e-6,9.0,65.29677711243184262138682,9.0000652971324198551268413726971036,65.2971324198551268413727,1.0000054414235892903,355.30742328422,HP(45 digits)
"no_pair_loops_(1,1,1)",1,1,1,7,1.0e-7,9.0,65.29677711243184262138682,9.0000065296812643024334928672199556,65.2968126430243349286722,1.0000005441400642352,355.305924923073,HP(45 digits)
"no_pair_loops_(1,1,1)",1,1,1,8,1.0e-8,9.0,65.29677711243184262138682,9.0000006529678066548959349734742746,65.29678066548959349734743,1.0000000544139834767,355.305775087596,HP(45 digits)
"no_pair_loops_(1,1,1)",1,1,1,9,1.0e-9,9.0,65.29677711243184262138682,9.0000000652967774677376027254415782,65.29677746773760272544158,1.0000000054413981182,355.305760104055,HP(45 digits)
"no_pair_loops_(1,1,1)",1,1,1,10,1.0e-10,9.0,65.29677711243184262138682,9.0000000065296777147962418481956887,65.29677714796241848195689,1.0000000005441398095,355.305758605701,HP(45 digits)
"all_antagonistic_(3,3,3)",3,3,3,1,0.1,27.0,169.6460032938488348769827,57.669138794800323778936576389306917,306.6913879480032377893658,1.8078314961347722351,1370.45384654154,HP(45 digits)
"all_antagonistic_(3,3,3)",3,3,3,2,0.01,27.0,169.6460032938488348769827,28.780035649372328787413970848387873,178.0035649372328787413971,1.0492647128792516578,835.756164338404,HP(45 digits)
"all_antagonistic_(3,3,3)",3,3,3,3,0.001,27.0,169.6460032938488348769827,27.170448943317727796515587660816288,170.4489433177277965155877,1.0047330323632096749,802.940023878962,HP(45 digits)
"all_antagonistic_(3,3,3)",3,3,3,4,0.0001,27.0,169.6460032938488348769827,27.016972598198537199742001975342209,169.7259819853719974200198,1.0004714445962197476,799.786915231625,HP(45 digits)
"all_antagonistic_(3,3,3)",3,3,3,5,1.0e-5,27.0,169.6460032938488348769827,27.001696539980222481381827883054455,169.6539980222481381827883,1.0000471259460528251,799.472839930331,HP(45 digits)
"all_antagonistic_(3,3,3)",3,3,3,6,1.0e-6,27.0,169.6460032938488348769827,27.000169646802735293543049356580083,169.6468027352935430493566,1.0000047124095421419,799.441444708172,HP(45 digits)
"all_antagonistic_(3,3,3)",3,3,3,7,1.0e-7,27.0,169.6460032938488348769827,27.000016964608323767936577586063654,169.6460832376793657758606,1.0000004712391036553,799.438305308989,HP(45 digits)
"all_antagonistic_(3,3,3)",3,3,3,8,1.0e-8,27.0,169.6460032938488348769827,27.000001696460112882287485799896851,169.6460112882287485799897,1.00000004712389186,799.437991370301,HP(45 digits)
"all_antagonistic_(3,3,3)",3,3,3,9,1.0e-9,27.0,169.6460032938488348769827,27.000000169646004093286794853426931,169.6460040932867948534269,1.0000000047123890009,799.437959976444,HP(45 digits)
"all_antagonistic_(3,3,3)",3,3,3,10,1.0e-10,27.0,169.6460032938488348769827,27.000000016964600337379263056068861,169.6460033737926305606886,1.0000000004712388982,799.437956837059,HP(45 digits)
"antagonistic_mixed_(1.5,4,2)",1.5,4,2,1,0.1,21.51993535019649097865622,136.6577733536193269164408,46.803799188682899937866287267590902,252.8386383848640895921007,1.8501592129019403385,1161.80865031245,HP(45 digits)
"antagonistic_mixed_(1.5,4,2)",1.5,4,2,2,0.01,21.51993535019649097865622,136.6577733536193269164408,22.956868276220731714769771800873889,143.6932926024240736113556,1.0514827592763380391,703.551924880475,HP(45 digits)
"antagonistic_mixed_(1.5,4,2)",1.5,4,2,3,0.001,21.51993535019649097865622,136.6577733536193269164408,21.657268845604575632262762748419132,137.333495408084653606547,1.0049446294775841996,675.722054465327,HP(45 digits)
"antagonistic_mixed_(1.5,4,2)",1.5,4,2,4,0.0001,21.51993535019649097865622,136.6577733536193269164408,21.533607858036407465128953070600088,136.7250783991648647273734,1.0004925079919996755,673.050455455378,HP(45 digits)
"antagonistic_mixed_(1.5,4,2)",1.5,4,2,5,1.0e-5,21.51993535019649097865622,136.6577733536193269164408,21.521301995208463792923875253977548,136.6645011972814267659525,1.0000492313279881321,672.784366209985,HP(45 digits)
"antagonistic_mixed_(1.5,4,2)",1.5,4,2,6,1.0e-6,21.51993535019649097865622,136.6577733536193269164408,21.520072008642602365933525641215263,136.658446111387277309912,1.0000049229381647361,672.757767950393,HP(45 digits)
"antagonistic_mixed_(1.5,4,2)",1.5,4,2,7,1.0e-7,21.51993535019649097865622,136.6577733536193269164408,21.519949015980553891671217796831609,136.6578406291301500206757,1.0000004922918702109,672.755108231042,HP(45 digits)
"antagonistic_mixed_(1.5,4,2)",1.5,4,2,8,1.0e-8,21.51993535019649097865622,136.6577733536193269164408,21.519936716774291790333710910997737,136.6577800811677495181735,1.0000000492291675585,672.754842260173,HP(45 digits)
"antagonistic_mixed_(1.5,4,2)",1.5,4,2,9,1.0e-9,21.51993535019649097865622,136.6577733536193269164408,21.519935486854265005030358308800133,136.6577740263741425795378,1.0000000049229165612,672.754815663097,HP(45 digits)
"antagonistic_mixed_(1.5,4,2)",1.5,4,2,10,1.0e-10,21.51993535019649097865622,136.6577733536193269164408,21.519935363862268320745696550940293,136.6577734208948082167797,1.0000000004922916542,672.75481300339,HP(45 digits)
"all_mutualistic_(0.5,0.5,0.5)",0.5,0.5,0.5,1,0.1,4.5,40.40031965009871900963715,13.13466105309402924522903577486896,86.34661053094029245229036,2.1372754294712443628,459.462908808416,HP(45 digits)
"all_mutualistic_(0.5,0.5,0.5)",0.5,0.5,0.5,2,0.01,4.5,40.40031965009871900963715,4.929710160602419248898513770317973,42.97101606024192488985138,1.0636305958073508542,257.069641014321,HP(45 digits)
"all_mutualistic_(0.5,0.5,0.5)",0.5,0.5,0.5,3,0.001,4.5,40.40031965009871900963715,4.5406458201929091005248234235301494,40.64582019290910052482342,1.0060766980295360517,245.500542810382,HP(45 digits)
"all_mutualistic_(0.5,0.5,0.5)",0.5,0.5,0.5,4,0.0001,4.5,40.40031965009871900963715,4.5040424759149623030229537533577858,40.42475914962303022953753,1.000604933320725632,244.394995243112,HP(45 digits)
"all_mutualistic_(0.5,0.5,0.5)",0.5,0.5,0.5,5,1.0e-5,4.5,40.40031965009871900963715,4.5004040276249942480418078934691166,40.40276249942480418078935,1.0000604660890617285,244.284932608517,HP(45 digits)
"all_mutualistic_(0.5,0.5,0.5)",0.5,0.5,0.5,6,1.0e-6,4.5,40.40031965009871900963715,4.5000404005639240299646467960053504,40.40056392402996464679601,1.000006046336597365,244.273931245637,HP(45 digits)
"all_mutualistic_(0.5,0.5,0.5)",0.5,0.5,0.5,7,1.0e-7,4.5,40.40031965009871900963715,4.5000040400344077381834843077098643,40.4003440773818348430771,1.0000006046309367697,244.272831158334,HP(45 digits)
"all_mutualistic_(0.5,0.5,0.5)",0.5,0.5,0.5,8,1.0e-8,4.5,40.40031965009871900963715,4.5000004040032209282593051057669946,40.4003220928259305105767,1.0000000604630664474,244.272721150094,HP(45 digits)
"all_mutualistic_(0.5,0.5,0.5)",0.5,0.5,0.5,9,1.0e-9,4.5,40.40031965009871900963715,4.5000000404003198943714291589119546,40.40031989437142915891195,1.0000000060463063724,244.272710149275,HP(45 digits)
"all_mutualistic_(0.5,0.5,0.5)",0.5,0.5,0.5,10,1.0e-10,4.5,40.40031965009871900963715,4.500000004040031967452598991455644,40.40031967452598991455644,1.0000000006046306345,244.272709049193,HP(45 digits)
"mutualistic_mixed_(0.2,0.8,0.5)",0.2,0.8,0.5,1,0.1,4.19736659610102775178191,40.38892449223166636985811,12.809211611617500876451780090164448,86.1184501551647312466987,2.1322293484623142218,457.295256629331,HP(45 digits)
"mutualistic_mixed_(0.2,0.8,0.5)",0.2,0.8,0.5,2,0.01,4.19736659610102775178191,40.38892449223166636985811,4.6268165329833070981583624137985548,42.9449936882279346376452,1.0632863892299954175,255.606919599627,HP(45 digits)
"mutualistic_mixed_(0.2,0.8,0.5)",0.2,0.8,0.5,3,0.001,4.19736659610102775178191,40.38892449223166636985811,4.2379996251229324195388941331024919,40.63302902190466775698376,1.0060438482267571155,244.104529673001,HP(45 digits)
"mutualistic_mixed_(0.2,0.8,0.5)",0.2,0.8,0.5,4,0.0001,4.19736659610102775178191,40.38892449223166636985811,4.2014079186073333353881806499056818,40.41322506305583606270278,1.0006016642218052531,243.005708241697,HP(45 digits)
"mutualistic_mixed_(0.2,0.8,0.5)",0.2,0.8,0.5,5,1.0e-5,4.19736659610102775178191,40.38892449223166636985811,4.1977705096355818032549507619087835,40.39135345540514730403903,1.0000601393378015826,242.896317348093,HP(45 digits)
"mutualistic_mixed_(0.2,0.8,0.5)",0.2,0.8,0.5,6,1.0e-6,4.19736659610102775178191,40.38892449223166636985811,4.1974069852684052157075490144751541,40.3891673774639256386429,1.0000060136593215297,242.885232259269,HP(45 digits)
"mutualistic_mixed_(0.2,0.8,0.5)",0.2,0.8,0.5,7,1.0e-7,4.19736659610102775178191,40.38892449223166636985811,4.1973706349959056652807700259236081,40.38894877913498859654349,1.0000006013258245314,242.869033222267,HP(45 digits)
"mutualistic_mixed_(0.2,0.8,0.5)",0.2,0.8,0.5,8,1.0e-8,4.19736659610102775178191,40.38892449223166636985811,4.1973669999902968099342062280436236,40.38892690581522958564694,1.0000000597585499876,241.358356321579,HP(45 digits)
"mutualistic_mixed_(0.2,0.8,0.5)",0.2,0.8,0.5,9,1.0e-9,4.19736659610102775178191,40.38892449223166636985811,4.1973666364899523343151728195980894,40.38892458253326244802386,1.0000000022358009581,90.3015960781657,HP(45 digits)
"mutualistic_mixed_(0.2,0.8,0.5)",0.2,0.8,0.5,10,1.0e-10,4.19736659610102775178191,40.38892449223166636985811,4.197366600139920050851344375196673,40.38892299069434003622439,0.9999999628230425739,-15015.3732633363,HP(45 digits)
"mixed_(3,0.5,1)",3,0.5,1,1,0.1,11.82780492029402773405387,84.44124574685385268389514,28.177390042737472850217232545663443,163.4958512244344511616337,1.9362084225353348496,790.546054775806,HP(45 digits)
"mixed_(3,0.5,1)",3,0.5,1,2,0.01,11.82780492029402773405387,84.44124574685385268389514,12.718830072775969399393906912008431,89.10251524819416653400414,1.0552013350835007711,466.126950134031,HP(45 digits)
"mixed_(3,0.5,1)",3,0.5,1,3,0.001,11.82780492029402773405387,84.44124574685385268389514,11.912693014132701598970958590248151,84.88809383867386491709311,1.0052918225905811093,446.848091820012,HP(45 digits)
"mixed_(3,0.5,1)",3,0.5,1,4,0.0001,11.82780492029402773405387,84.44124574685385268389514,11.836253494872718498962615689817665,84.48574578690764908750208,1.0005269941207073488,445.000400537964,HP(45 digits)
"mixed_(3,0.5,1)",3,0.5,1,5,1.0e-5,11.82780492029402773405387,84.44124574685385268389514,11.82864937723313640875694269752377,84.44569391086747030772156,1.0000526776218692079,444.816401361762,HP(45 digits)
"mixed_(3,0.5,1)",3,0.5,1,6,1.0e-6,11.82780492029402773405387,84.44124574685385268389514,11.827889361984572597019445304258808,84.44169054486296557982233,1.0000052675443757231,444.798009112896,HP(45 digits)
"mixed_(3,0.5,1)",3,0.5,1,7,1.0e-7,11.82780492029402773405387,84.44124574685385268389514,11.827813364423050381138780533146775,84.44129022647084915051219,1.0000005267522595511,444.796169964666,HP(45 digits)
"mixed_(3,0.5,1)",3,0.5,1,8,1.0e-8,11.82780492029402773405387,84.44124574685385268389514,11.827805764706529682190997381852031,84.44125019481371318999247,1.000000052675204175,444.79598605061,HP(45 digits)
"mixed_(3,0.5,1)",3,0.5,1,9,1.0e-9,11.82780492029402773405387,84.44124574685385268389514,11.827805004735273925703685825034227,84.44124619164982034310689,1.0000000052675201997,444.795967659212,HP(45 digits)
"mixed_(3,0.5,1)",3,0.5,1,10,1.0e-10,11.82780492029402773405387,84.44124574685385268389514,11.827804928738152313187210408517568,84.44124579133344926590234,1.0000000005267520178,444.795965820072,HP(45 digits)
"mixed_(5,0.2,0.2)",5,0.2,0.2,1,0.1,9.800000000000000155431223,93.09297627914011420015397,26.878857615365768155138355828135901,170.7885761536576799970713,1.834602168498154159,776.955998745176,HP(45 digits)
"mixed_(5,0.2,0.2)",5,0.2,0.2,2,0.01,9.800000000000000155431223,93.09297627914011420015397,10.7719345637414318082811516241728,97.19345637414316528499282,1.0440471479041310828,410.048009500305,HP(45 digits)
"mixed_(5,0.2,0.2)",5,0.2,0.2,3,0.001,9.800000000000000155431223,93.09297627914011420015397,9.8934771844555506626461103828705143,93.47718445555050721488694,1.0041271446221500255,384.208176410393,HP(45 digits)
"mixed_(5,0.2,0.2)",5,0.2,0.2,4,0.0001,9.800000000000000155431223,93.09297627914011420015397,9.8093131140885763435122300510553338,93.13114088576188081006604,1.0004099622565222289,381.646066217666,HP(45 digits)
"mixed_(5,0.2,0.2)",5,0.2,0.2,5,1.0e-5,9.800000000000000155431223,93.09297627914011420015397,9.8009309679017882259909635041584837,93.09679017880705597400566,1.0000409687155721154,381.389966694177,HP(45 digits)
"mixed_(5,0.2,0.2)",5,0.2,0.2,6,1.0e-6,9.800000000000000155431223,93.09297627914011420015397,9.8000930933576434995813583895120555,93.09335764334415013494199,1.0000040965948160515,381.364204035935,HP(45 digits)
"mixed_(5,0.2,0.2)",5,0.2,0.2,7,1.0e-7,9.800000000000000155431223,93.09297627914011420015397,9.8000093093014415319974272659372733,93.09301441376566203818415,1.0000004096402013562,381.34625547838,HP(45 digits)
"mixed_(5,0.2,0.2)",5,0.2,0.2,8,1.0e-8,9.800000000000000155431223,93.09297627914011420015397,9.8000009309298009275553950641927975,93.09298007721241716166709,1.000000040798698836,379.807230296151,HP(45 digits)
"mixed_(5,0.2,0.2)",5,0.2,0.2,9,1.0e-9,9.800000000000000155431223,93.09297627914011420015397,9.8000000930929766605016312882151951,93.09297650507040784069328,1.0000000024269316835,225.930293640539,HP(45 digits)
"mixed_(5,0.2,0.2)",5,0.2,0.2,10,1.0e-10,9.800000000000000155431223,93.09297627914011420015397,9.8000000093092976317276265818977983,93.09297476296403134375884,0.99999998371331389911,-15161.760828564,HP(45 digits)
"weak_pair_loops_(1.01,0.99,1.005)",1.01,0.99,1.005,1,0.1,9.01483740224193591362878,65.37795565882362309029109,21.963937380296862491502554991208473,129.4909997805492657787377,1.9806523234880737083,641.130441217256,HP(45 digits)
"weak_pair_loops_(1.01,0.99,1.005)",1.01,0.99,1.005,2,0.01,9.01483740224193591362878,65.37795565882362309029109,9.7059253732956671011934321348167336,69.10879710537311875646517,1.0570657404159129451,373.08414465495,HP(45 digits)
"weak_pair_loops_(1.01,0.99,1.005)",1.01,0.99,1.005,3,0.001,9.01483740224193591362878,65.37795565882362309029109,9.0805727056696008379783832328294932,65.73530342766492434960278,1.0054658755423024983,357.347768841301,HP(45 digits)
"weak_pair_loops_(1.01,0.99,1.005)",1.01,0.99,1.005,4,0.0001,9.01483740224193591362878,65.37795565882362309029109,9.0213787562174909140823062529767674,65.41353975555000453525805,1.0005442827994206163,355.840967263814,HP(45 digits)
"weak_pair_loops_(1.01,0.99,1.005)",1.01,0.99,1.005,5,1.0e-5,9.01483740224193591362878,65.37795565882362309029109,9.0154912173676173063003003088358056,65.38151256813926715198608,1.0000544053309682223,355.690931564406,HP(45 digits)
"weak_pair_loops_(1.01,0.99,1.005)",1.01,0.99,1.005,6,1.0e-6,9.01483740224193591362878,65.37795565882362309029109,9.0149027805532709876011525450448178,65.37831133507397237209698,1.0000054403085377185,355.676250349282,HP(45 digits)
"weak_pair_loops_(1.01,0.99,1.005)",1.01,0.99,1.005,7,1.0e-7,9.01483740224193591362878,65.37795565882362309029109,9.0148439400410588597804504449158393,65.37799122946151669996855,1.0000005440769374808,355.706378936097,HP(45 digits)
"weak_pair_loops_(1.01,0.99,1.005)",1.01,0.99,1.005,8,1.0e-8,9.01483740224193591362878,65.37795565882362309029109,9.0148380560215283887704962676019373,65.37795924751417158195413,1.0000000548914463955,358.869054849166,HP(45 digits)
"weak_pair_loops_(1.01,0.99,1.005)",1.01,0.99,1.005,9,1.0e-9,9.01483740224193591362878,65.37795565882362309029109,9.0148374676198922476040174077478262,65.3779563339752369596872,1.0000000103269000547,675.151613869396,HP(45 digits)
"weak_pair_loops_(1.01,0.99,1.005)",1.01,0.99,1.005,10,1.0e-10,9.01483740224193591362878,65.37795565882362309029109,9.0148374087797318025452314891158436,65.37795888916451041055219,1.0000000494102462331,32303.4088732026,HP(45 digits)
"strong_antagonism_(20,20,20)",20,20,20,1,0.1,180.0,1679.092371853075325338526,432.13453174054101302489949056545104,2521.345317405410130248995,1.5016120373549252181,8422.52945552335,HP(45 digits)
"strong_antagonism_(20,20,20)",20,20,20,2,0.01,180.0,1679.092371853075325338526,197.27575719844596017392554610368701,1727.575719844596017392555,1.0288747354250758893,4848.33479915207,HP(45 digits)
"strong_antagonism_(20,20,20)",20,20,20,3,0.001,180.0,1679.092371853075325338526,181.68369364389948280618588551242388,1683.693643899482806185886,1.0027403328867067853,4601.27204640748,HP(45 digits)
"strong_antagonism_(20,20,20)",20,20,20,4,0.0001,180.0,1679.092371853075325338526,180.16795500944849563439022625073923,1679.550094484956343902263,1.0002726012216801795,4577.22631881019,HP(45 digits)
"strong_antagonism_(20,20,20)",20,20,20,5,1.0e-5,180.0,1679.092371853075325338526,180.01679138120133520093935416411413,1679.138120133520093935416,1.0000272458390090118,4574.82804447686,HP(45 digits)
"strong_antagonism_(20,20,20)",20,20,20,6,1.0e-6,180.0,1679.092371853075325338526,180.00167909694644135505456264638624,1679.096946441355054562646,1.0000027244411066442,4574.58827972922,HP(45 digits)
"strong_antagonism_(20,20,20)",20,20,20,7,1.0e-7,180.0,1679.092371853075325338526,180.00016790928293095057134405037508,1679.092829309505713440504,1.0000002724426827592,4574.56430388102,HP(45 digits)
"strong_antagonism_(20,20,20)",20,20,20,8,1.0e-8,180.0,1679.092371853075325338526,180.00001679092417598694388363172162,1679.092417598694388363172,1.0000000272442539969,4574.56190630246,HP(45 digits)
"strong_antagonism_(20,20,20)",20,20,20,9,1.0e-9,180.0,1679.092371853075325338526,180.00000167909237642763699188319754,1679.092376427636991883198,1.0000000027244252569,4574.56166654467,HP(45 digits)
"strong_antagonism_(20,20,20)",20,20,20,10,1.0e-10,180.0,1679.092371853075325338526,180.00000016790923723105314895954151,1679.092372310531489595415,1.0000000002724425243,4574.56164256889,HP(45 digits)
"anisotropic_(0.01,1,100)",0.01,1,100,1,0.1,123.2100000000000000231065,1405.787609597304806354672,283.06718137762202677322119241607324,1598.571813776220267501147,1.1371360814839871167,1927.84204178915,HP(45 digits)
"anisotropic_(0.01,1,100)",0.01,1,100,2,0.01,123.2100000000000000231065,1405.787609597304806354672,134.78492182525255343887755428261514,1157.492182525255341577104,0.82337628715964071911,-24829.5427072049,HP(45 digits)
"anisotropic_(0.01,1,100)",0.01,1,100,3,0.001,123.2100000000000000231065,1405.787609597304806354672,124.55630836834335829866072777376228,1346.308368343358275554211,0.95768973858648201508,-59479.2412539465,HP(45 digits)
"anisotropic_(0.01,1,100)",0.01,1,100,4,0.0001,123.2100000000000000231065,1405.787609597304806354672,123.34989103807446364463973311732574,1398.910380744636215332164,0.99510791757893028443,-68772.2885266859,HP(45 digits)
"anisotropic_(0.01,1,100)",0.01,1,100,5,1.0e-5,123.2100000000000000231065,1405.787609597304806354672,123.22405089010912775896326288825156,1405.089010912773585674619,0.99950305531236590005,-69859.8684531221,HP(45 digits)
"anisotropic_(0.01,1,100)",0.01,1,100,6,1.0e-6,123.2100000000000000231065,1405.787609597304806354672,123.21140571763913745408068698386261,1405.717639137430974170284,0.999950226862581414,-69970.4598738322,HP(45 digits)
"anisotropic_(0.01,1,100)",0.01,1,100,7,1.0e-7,123.2100000000000000231065,1405.787609597304806354672,123.21014057806114435442480785368699,1405.780611443313182911537,0.99999502189808485501,-69981.5399162344,HP(45 digits)
"anisotropic_(0.01,1,100)",0.01,1,100,8,1.0e-8,123.2100000000000000231065,1405.787609597304806354672,123.21001405786909770849136472634593,1405.786909768538484802633,0.99999950218029982351,-69982.8766321552,HP(45 digits)
"anisotropic_(0.01,1,100)",0.01,1,100,9,1.0e-9,123.2100000000000000231065,1405.787609597304806354672,123.21000140578753961454844651844229,1405.787539591441929818431,0.99999995020167883213,-70005.8628765362,HP(45 digits)
"anisotropic_(0.01,1,100)",0.01,1,100,10,1.0e-10,123.2100000000000000231065,1405.787609597304806354672,123.21000014057876025990280675978614,1405.787602367962900597751,0.99999999485744371596,-72293.4190575692,HP(45 digits)
