triple,beta12,beta13,beta23,k,alpha=2/3+1e-k,K=1-4cos^2(alpha pi/2),T_alpha,T*K^3/27,(T*K^3-27)/K,9*sum(beta)-27,evidence
"no_pair_loops_(1,1,1)",1,1,1,1,0.7666666666666666666666667,0.486289650954788,213.54842394068591659605673056037205,0.90953138103386434821,-5.02304070689089,0.0,HP(55 digits)
"no_pair_loops_(1,1,1)",1,1,1,2,0.6766666666666666666666667,0.0539115909933551,172143.71638325927555569130831076473,0.99901924874178161599,-0.491179790541893,0.0,HP(55 digits)
"no_pair_loops_(1,1,1)",1,1,1,3,0.6676666666666666666666667,0.00543645434382414,168039834.48239857286021069377037443,0.99999013638709715997,-0.0489873604253147,0.0,HP(55 digits)
"no_pair_loops_(1,1,1)",1,1,1,4,0.6667666666666666666666667,0.000544090452297925,167629483314.08993056024789774070369,0.99999990130992558492,-0.00489740630064983,0.0,HP(55 digits)
"no_pair_loops_(1,1,1)",1,1,1,5,0.6666766666666666666666667,5.44134874378558e-5,167588448234340.16556203008862605695,0.9999999990130455273,-0.000489727308757047,0.0,HP(55 digits)
"no_pair_loops_(1,1,1)",1,1,1,6,0.6666676666666666666666667,5.4413931578915e-6,167584344726402276.25796669974663871,0.99999999999013040157,-4.89725976387036e-5,0.0,HP(55 digits)
"no_pair_loops_(1,1,1)",1,1,1,7,0.6666667666666666666666667,5.44139759922234e-7,167583934375608524415.36742004530207,0.99999999999990130396,-4.89725843147643e-6,0.0,HP(55 digits)
"no_pair_loops_(1,1,1)",1,1,1,8,0.6666666766666666666666667,5.44139804335463e-8,167583893340529149268195.36028092054,0.99999999999999901304,-4.89725829823679e-7,0.0,HP(55 digits)
"no_pair_loops_(1,1,1)",1,1,1,9,0.6666666676666666666666667,5.44139808776785e-9,167583889237021211753515242.17880296,0.99999999999999999013,-4.89725828491283e-8,0.0,HP(55 digits)
"no_pair_loops_(1,1,1)",1,1,1,10,0.6666666667666666666666667,5.44139809220917e-10,167583888826670418002047267456.46613,0.9999999999999999999,-4.89725828358043e-9,0.0,HP(55 digits)
"all_antagonistic_(3,3,3)",3,3,3,1,0.7666666666666666666666667,0.486289650954788,399.90985834864101586451348901785131,1.7032697270288654155,39.0472686237461,54.0,HP(55 digits)
"all_antagonistic_(3,3,3)",3,3,3,2,0.6766666666666666666666667,0.0539115909933551,190389.87987927769004554449677503841,1.1049090769108724775,52.540558058149,54.0,HP(55 digits)
"all_antagonistic_(3,3,3)",3,3,3,3,0.6676666666666666666666667,0.00543645434382414,169863625.15912037996352467564348343,1.0108433527876857252,53.8532114410386,54.0,HP(55 digits)
"all_antagonistic_(3,3,3)",3,3,3,4,0.6667666666666666666666667,0.000544090452297925,167811861454.1330969418262583804803,1.0010878848700880266,53.9853095534438,54.0,HP(55 digits)
"all_antagonistic_(3,3,3)",3,3,3,5,0.6666766666666666666666667,5.44134874378558e-5,167606686047405.28505513214726329626,1.0001088240140480876,53.9985308358348,54.0,HP(55 digits)
"all_antagonistic_(3,3,3)",3,3,3,6,0.6666676666666666666666667,5.4413931578915e-6,167586168507707847.83772209779999632,1.0000108827567070235,53.9998530823847,54.0,HP(55 digits)
"all_antagonistic_(3,3,3)",3,3,3,7,0.6666667666666666666666667,5.44139759922234e-7,167584116753739080632.8560059689982,1.0000010882792237564,53.9999853082265,54.0,HP(55 digits)
"all_antagonistic_(3,3,3)",3,3,3,8,0.6666666766666666666666667,5.44139804335463e-8,167583911578342204889003.72017791798,1.0000001088279579062,53.9999985308225,54.0,HP(55 digits)
"all_antagonistic_(3,3,3)",3,3,3,9,0.6666666676666666666666667,5.44139808776785e-9,167583891060802517315595137.66863317,1.0000000108827961459,53.9999998530823,54.0,HP(55 digits)
"all_antagonistic_(3,3,3)",3,3,3,10,0.6666666667666666666666667,5.44139809220917e-10,167583889009048548558255256064.94917,1.0000000010882796181,53.9999999853082,54.0,HP(55 digits)
"antagonistic_mixed_(1.5,4,2)",1.5,4,2,1,0.7666666666666666666666667,0.486289650954788,346.78466598845528055510530955658536,1.477002407029958423,26.4843493266244,40.5,HP(55 digits)
"antagonistic_mixed_(1.5,4,2)",1.5,4,2,2,0.6766666666666666666666667,0.0539115909933551,185736.55222290654714406125699637236,1.0779039442398240211,39.0158490172272,40.5,HP(55 digits)
"antagonistic_mixed_(1.5,4,2)",1.5,4,2,3,0.6676666666666666666666667,0.00543645434382414,169406717.63202606329879959446209868,1.0081243366583095946,40.3492931056343,40.5,HP(55 digits)
"antagonistic_mixed_(1.5,4,2)",1.5,4,2,4,0.6667666666666666666666667,0.000544090452297925,167766257275.86338045389423437077034,1.0008158314528285609,40.4849030769422,40.5,HP(55 digits)
"antagonistic_mixed_(1.5,4,2)",1.5,4,2,5,0.6666766666666666666666667,5.44134874378558e-5,167602126497661.44815733760071259361,1.0000816171881160211,40.4984900416339,40.5,HP(55 digits)
"antagonistic_mixed_(1.5,4,2)",1.5,4,2,6,0.6666676666666666666666667,5.4413931578915e-6,167585712561416634.37576253961356617,1.0000081620593056443,40.499849001499,40.5,HP(55 digits)
"antagonistic_mixed_(1.5,4,2)",1.5,4,2,7,0.6666667666666666666666667,5.44139759922234e-7,167584071159196793327.81397486992863,1.0000008162093355706,40.4999849001233,40.5,HP(55 digits)
"antagonistic_mixed_(1.5,4,2)",1.5,4,2,8,0.6666666766666666666666667,5.44139804335463e-8,167583907018888844501249.93138973423,1.0000000816209676072,40.4999984900121,40.5,HP(55 digits)
"antagonistic_mixed_(1.5,4,2)",1.5,4,2,9,0.6666666676666666666666667,5.44139808776785e-9,167583890604857189960249601.80803949,1.0000000081620971012,40.4999998490012,40.5,HP(55 digits)
"antagonistic_mixed_(1.5,4,2)",1.5,4,2,10,0.6666666667666666666666667,5.44139809220917e-10,167583888963454015909555003247.94705,1.0000000008162097135,40.4999999849001,40.5,HP(55 digits)
"all_mutualistic_(0.5,0.5,0.5)",0.5,0.5,0.5,1,0.7666666666666666666666667,0.486289650954788,167.4865454411666829732382154413494,0.71334766217711338784,-15.9156443202562,-13.5,HP(55 digits)
"all_mutualistic_(0.5,0.5,0.5)",0.5,0.5,0.5,2,0.6766666666666666666666667,0.0539115909933551,167583.76650227595586473133708473602,0.97255602487215249446,-13.7444900957053,-13.5,HP(55 digits)
"all_mutualistic_(0.5,0.5,0.5)",0.5,0.5,0.5,3,0.6676666666666666666666667,0.00543645434382414,167583888.65634795577326571845190468,0.99727684325525203137,-13.524482587023,-13.5,HP(55 digits)
"all_mutualistic_(0.5,0.5,0.5)",0.5,0.5,0.5,4,0.6667666666666666666666667,0.000544090452297925,167583888780.95091256998623991197239,0.99972790543105110938,-13.5024485921273,-13.5,HP(55 digits)
"all_mutualistic_(0.5,0.5,0.5)",0.5,0.5,0.5,5,0.6666766666666666666666667,5.44134874378558e-5,167583888781075.76036571596935320284,0.9999727927628060734,-13.5002448625441,-13.5,HP(55 digits)
"all_mutualistic_(0.5,0.5,0.5)",0.5,0.5,0.5,6,0.6666676666666666666666667,5.4413931578915e-6,167583888781075885.23799554237625001,0.99999727929848625727,-13.5000244862877,-13.5,HP(55 digits)
"all_mutualistic_(0.5,0.5,0.5)",0.5,0.5,0.5,7,0.6666667666666666666666667,5.44139759922234e-7,167583888781075885362.87027033355236,0.99999972793007069087,-13.5000024486291,-13.5,HP(55 digits)
"all_mutualistic_(0.5,0.5,0.5)",0.5,0.5,0.5,8,0.6666666766666666666666667,5.44139804335463e-8,167583888781075885362995.14530634809,0.99999997279300928975,-13.5000002448629,-13.5,HP(55 digits)
"all_mutualistic_(0.5,0.5,0.5)",0.5,0.5,0.5,9,0.6666666676666666666666667,5.44139808776785e-9,167583888781075885362995270.18134537,0.99999999727930095118,-13.5000000244863,-13.5,HP(55 digits)
"all_mutualistic_(0.5,0.5,0.5)",0.5,0.5,0.5,10,0.6666666667666666666666667,5.44139809220917e-10,167583888781075885362995270306.22037,0.99999999972793009534,-13.5000000024486,-13.5,HP(55 digits)
"mutualistic_mixed_(0.2,0.8,0.5)",0.2,0.8,0.5,1,0.7666666666666666666666667,0.486289650954788,166.92055261966297118689497609411641,0.71093702283312783204,-16.0494889582406,-13.5,HP(55 digits)
"mutualistic_mixed_(0.2,0.8,0.5)",0.2,0.8,0.5,2,0.6766666666666666666666667,0.0539115909933551,167578.75728445700090601260662369264,0.97252695436567443756,-13.7590491851412,-13.5,HP(55 digits)
"mutualistic_mixed_(0.2,0.8,0.5)",0.2,0.8,0.5,3,0.6676666666666666666666667,0.00543645434382414,167583838.9915235158054629461965705,0.9972765477042910444,-13.5259504326889,-13.5,HP(55 digits)
"mutualistic_mixed_(0.2,0.8,0.5)",0.2,0.8,0.5,4,0.6667666666666666666666667,0.000544090452297925,167583888284.70988432412468636896047,0.99972790247070684619,-13.5025954965525,-13.5,HP(55 digits)
"mutualistic_mixed_(0.2,0.8,0.5)",0.2,0.8,0.5,5,0.6666766666666666666666667,5.44134874378558e-5,167583888776113.75530468340526892051,0.99997279273319779724,-13.5002595541857,-13.5,HP(55 digits)
"mutualistic_mixed_(0.2,0.8,0.5)",0.2,0.8,0.5,6,0.6666676666666666666666667,5.4413931578915e-6,167583888781026265.59240735745012216,0.99999727929819016967,-13.5000259554639,-13.5,HP(55 digits)
"mutualistic_mixed_(0.2,0.8,0.5)",0.2,0.8,0.5,7,0.6666667666666666666666667,5.44139759922234e-7,167583888781075389166.81939069834366,0.99999972793006772999,-13.5000025955468,-13.5,HP(55 digits)
"mutualistic_mixed_(0.2,0.8,0.5)",0.2,0.8,0.5,8,0.6666666766666666666666667,5.44139804335463e-8,167583888781075880401035.04151021741,0.99999997279300926014,-13.5000002595547,-13.5,HP(55 digits)
"mutualistic_mixed_(0.2,0.8,0.5)",0.2,0.8,0.5,9,0.6666666676666666666666667,5.44139808776785e-9,167583888781075885313375669.54838409,0.99999999727930095089,-13.5000000259555,-13.5,HP(55 digits)
"mutualistic_mixed_(0.2,0.8,0.5)",0.2,0.8,0.5,10,0.6666666667666666666666667,5.44139809220917e-10,167583888781075885362499074300.29576,0.99999999972793009534,-13.5000000025955,-13.5,HP(55 digits)
"mixed_(3,0.5,1)",3,0.5,1,1,0.7666666666666666666666667,0.486289650954788,252.41273744479323084097756061018808,1.0750597051583352933,4.16749983327009,13.5,HP(55 digits)
"mixed_(3,0.5,1)",3,0.5,1,2,0.6766666666666666666666667,0.0539115909933551,176611.04206905439065974215112693636,1.0249449371390951705,12.4929220293013,13.5,HP(55 digits)
"mixed_(3,0.5,1)",3,0.5,1,3,0.6676666666666666666666667,0.00543645434382414,168494819.57948470131680236975445157,1.0026977123061683695,13.3981134872016,13.5,HP(55 digits)
"mixed_(3,0.5,1)",3,0.5,1,4,0.6667666666666666666666667,0.000544090452297925,167675068203.09542024726027276366105,1.0002718396563637261,13.4897987840479,13.5,HP(55 digits)
"mixed_(3,0.5,1)",3,0.5,1,5,0.6666766666666666666666667,5.44134874378558e-5,167593007591126.13877350024779661257,1.0000272046875983339,13.4989797519209,13.5,HP(55 digits)
"mixed_(3,0.5,1)",3,0.5,1,6,0.6666676666666666666666667,5.4413931578915e-6,167584800670763845.83592111611215684,1.0000027206760173169,13.4998979739264,13.5,HP(55 digits)
"mixed_(3,0.5,1)",3,0.5,1,7,0.6666667666666666666666667,5.44139759922234e-7,167583979970131515216.31968553567468,1.0000002720696743444,13.49998979738,13.5,HP(55 digits)
"mixed_(3,0.5,1)",3,0.5,1,8,0.6666666766666666666666667,5.44139804335463e-8,167583897899982316690843.00144159827,1.0000000272069881606,13.4999989797379,13.5,HP(55 digits)
"mixed_(3,0.5,1)",3,0.5,1,9,0.6666666676666666666666667,5.44139808776785e-9,167583889692966537179209651.31312443,1.0000000027206990233,13.4999998979738,13.5,HP(55 digits)
"mixed_(3,0.5,1)",3,0.5,1,10,0.6666666667666666666666667,5.44139809220917e-10,167583888872264950631451008940.95553,1.0000000002720699044,13.4999999897974,13.5,HP(55 digits)
"mixed_(5,0.2,0.2)",5,0.2,0.2,1,0.7666666666666666666666667,0.486289650954788,260.48234779916932254727370531431276,1.1094292580427876586,6.07578212152815,21.6,HP(55 digits)
"mixed_(5,0.2,0.2)",5,0.2,0.2,2,0.6766666666666666666666667,0.0539115909933551,179045.63188608915494100559171832732,1.0390738414122748441,19.5689590808302,21.6,HP(55 digits)
"mixed_(5,0.2,0.2)",5,0.2,0.2,3,0.6676666666666666666666667,0.00543645434382414,168765146.04222963700830889386627006,1.0043064010863139188,21.3876217800969,21.6,HP(55 digits)
"mixed_(5,0.2,0.2)",5,0.2,0.2,4,0.6667666666666666666666667,0.000544090452297925,167702392257.83875139983757671274237,1.0004348423185834781,21.578659489737,21.6,HP(55 digits)
"mixed_(5,0.2,0.2)",5,0.2,0.2,5,0.6666766666666666666666667,5.44134874378558e-5,167595742936175.44234371607559763524,1.000043526487074507,21.5978649108619,21.6,HP(55 digits)
"mixed_(5,0.2,0.2)",5,0.2,0.2,6,0.6666676666666666666666667,5.4413931578915e-6,167585074234690328.79669629525242942,1.0000043530714951098,21.5997864806937,21.6,HP(55 digits)
"mixed_(5,0.2,0.2)",5,0.2,0.2,7,0.6666667666666666666666667,5.44139759922234e-7,167584007326818404873.01842746491126,1.0000004353113776233,21.5999786479654,21.6,HP(55 digits)
"mixed_(5,0.2,0.2)",5,0.2,0.2,8,0.6666666766666666666666667,5.44139804335463e-8,167583900635653948095956.84430009344,1.0000000435311800437,21.5999978647955,21.6,HP(55 digits)
"mixed_(5,0.2,0.2)",5,0.2,0.2,9,0.6666666676666666666666667,5.44139808776785e-9,167583889966533729744141313.35937177,1.0000000043531184272,21.5999997864795,21.6,HP(55 digits)
"mixed_(5,0.2,0.2)",5,0.2,0.2,10,0.6666666667666666666666667,5.44139809220917e-10,167583888899621670182188403761.28972,1.0000000004353118469,21.599999978648,21.6,HP(55 digits)
"weak_pair_loops_(1.01,0.99,1.005)",1.01,0.99,1.005,1,0.7666666666666666666666667,0.486289650954788,213.70110537097722794880103217648522,0.91018167172479285397,-4.98693496493114,0.044999999999999,HP(55 digits)
"weak_pair_loops_(1.01,0.99,1.005)",1.01,0.99,1.005,2,0.6766666666666666666666667,0.0539115909933551,172158.90989057599356227501568997989,0.99910742277789634043,-0.447020474683621,0.044999999999999,HP(55 digits)
"weak_pair_loops_(1.01,0.99,1.005)",1.01,0.99,1.005,3,0.6676666666666666666666667,0.00543645434382414,168041354.24172964966305183761188569,0.99999918033995179244,-0.00407081893858724,0.044999999999999,HP(55 digits)
"weak_pair_loops_(1.01,0.99,1.005)",1.01,0.99,1.005,4,0.6667666666666666666666667,0.000544090452297925,167629635295.26942496650088568979695,1.0000008079592899488,0.0400942540647149,0.044999999999999,HP(55 digits)
"weak_pair_loops_(1.01,0.99,1.005)",1.01,0.99,1.005,5,0.6666766666666666666666667,5.44134874378558e-5,167588463432511.74048687819869085602,1.000000089700510684,0.0445094387900635,0.044999999999999,HP(55 digits)
"weak_pair_loops_(1.01,0.99,1.005)",1.01,0.99,1.005,6,0.6666676666666666666666667,5.4413931578915e-6,167584346246219971.16704015149030784,1.0000000090591021923,0.0449509440128663,0.044999999999999,HP(55 digits)
"weak_pair_loops_(1.01,0.99,1.005)",1.01,0.99,1.005,7,0.6666667666666666666666667,5.44139759922234e-7,167583934527590299281.60241105509117,1.0000000009068007358,0.0449950944026253,0.044999999999999,HP(55 digits)
"weak_pair_loops_(1.01,0.99,1.005)",1.01,0.99,1.005,8,0.6666666766666666666666667,5.44139804335463e-8,167583893355727326808573.29760098397,1.0000000000906889787,0.0449995094402759,0.044999999999999,HP(55 digits)
"weak_pair_loops_(1.01,0.99,1.005)",1.01,0.99,1.005,9,0.6666666676666666666666667,5.44139808776785e-9,167583889238541029508090581.45476101,1.0000000000090689869,0.0449999509440277,0.044999999999999,HP(55 digits)
"weak_pair_loops_(1.01,0.99,1.005)",1.01,0.99,1.005,10,0.6666666667666666666666667,5.44139809220917e-10,167583888826822399777510176840.66321,1.0000000000009068996,0.0449999950944028,0.044999999999999,HP(55 digits)
"strong_antagonism_(20,20,20)",20,20,20,1,0.7666666666666666666666667,0.486289650954788,2327.4965436061021349726314259740253,9.9131199687317363339,494.878389213615,513.0,HP(55 digits)
"strong_antagonism_(20,20,20)",20,20,20,2,0.6766666666666666666666667,0.0539115909933551,348625.12975203729877378843486703493,2.0232118983766547385,512.444925982148,513.0,HP(55 digits)
"strong_antagonism_(20,20,20)",20,20,20,3,0.6676666666666666666666667,0.00543645434382414,185371955.08534571318147519304177921,1.1031320473453239865,512.202458112618,513.0,HP(55 digits)
"strong_antagonism_(20,20,20)",20,20,20,4,0.6667666666666666666666667,0.000544090452297925,169362082353.76226022216357008614574,1.0103357851558216226,512.904054883832,513.0,HP(55 digits)
"strong_antagonism_(20,20,20)",20,20,20,5,0.6666766666666666666666667,5.44134874378558e-5,167761707465234.35655301013159012976,1.0010338365629995811,512.990225683808,513.0,HP(55 digits)
"strong_antagonism_(20,20,20)",20,20,20,6,0.6666676666666666666666667,5.4413931578915e-6,167601670648811988.52051180797424227,1.0001033862726487807,512.999020750549,513.0,HP(55 digits)
"strong_antagonism_(20,20,20)",20,20,20,7,0.6666667666666666666666667,5.44139759922234e-7,167585666967848815264.43446607711736,1.0000103386534646425,512.999902056857,513.0,HP(55 digits)
"strong_antagonism_(20,20,20)",20,20,20,8,0.6666666766666666666666667,5.44139804335463e-8,167584066599753177672657.77185030064,1.0000010338656084982,512.999990205504,513.0,HP(55 digits)
"strong_antagonism_(20,20,20)",20,20,20,9,0.6666666676666666666666667,5.44139808776785e-9,167583906562943614593281032.33144472,1.0000001033865634702,512.999999020549,513.0,HP(55 digits)
"strong_antagonism_(20,20,20)",20,20,20,10,0.6666666667666666666666667,5.44139809220917e-10,167583890559262658286023166020.05488,1.0000000103386563732,512.999999902055,513.0,HP(55 digits)
"anisotropic_(0.01,1,100)",0.01,1,100,1,0.7666666666666666666666667,0.486289650954788,1863.3550492096187740842585146582246,7.9362790883194808596,385.119311128498,882.09,HP(55 digits)
"anisotropic_(0.01,1,100)",0.01,1,100,2,0.6766666666666666666666667,0.0539115909933551,403174.19093970577605810965027742102,2.3397820484363036974,670.989570911362,882.09,HP(55 digits)
"anisotropic_(0.01,1,100)",0.01,1,100,3,0.6676666666666666666666667,0.00543645434382414,196325299.10613692986740779471269434,1.1683144251724879786,835.928933132631,882.09,HP(55 digits)
"anisotropic_(0.01,1,100)",0.01,1,100,4,0.6667666666666666666666667,0.000544090452297925,170590823551.43899364689685915670005,1.0176658863535319455,876.65374301438,882.09,HP(55 digits)
"anisotropic_(0.01,1,100)",0.01,1,100,5,0.6666766666666666666666667,5.44134874378558e-5,167886181369194.59314462836135541267,1.0017765721462023908,881.535997894767,882.09,HP(55 digits)
"anisotropic_(0.01,1,100)",0.01,1,100,6,0.6666676666666666666666667,5.4413931578915e-6,167614134375043035.04664244377740734,1.0001777591280086996,882.034493183848,882.09,HP(55 digits)
"anisotropic_(0.01,1,100)",0.01,1,100,7,0.6666667666666666666666667,5.44139759922234e-7,167586913504177722755.15549415304155,1.0000177769340704283,882.084448249398,882.09,HP(55 digits)
"anisotropic_(0.01,1,100)",0.01,1,100,8,0.6666666766666666666666667,5.44139804335463e-8,167584191255023474878441.40778979219,1.00000177770362188,882.089444814247,882.09,HP(55 digits)
"anisotropic_(0.01,1,100)",0.01,1,100,9,0.6666666676666666666666667,5.44139808776785e-9,167583919028487018726952721.58750416,1.0000001777704643385,882.089944481318,882.09,HP(55 digits)
"anisotropic_(0.01,1,100)",0.01,1,100,10,0.6666666667666666666666667,5.44139809220917e-10,167583891805817162443869804203.68864,1.0000000177770474554,882.089994448131,882.09,HP(55 digits)
